#	TYPE	Name*	Link (URL/PID)*	Link to repository	Short description	File formats	Conforms to a standard?	participates in contacting process	Associated Publication	Associated Institute	License
ID	TYPE	I http://purl.obolibrary.org/obo/IAO_0000235	I http://purl.obolibrary.org/obo/IAO_0000235	I http://purl.obolibrary.org/obo/IAO_0000235	I http://purl.obolibrary.org/obo/IAO_0000235	I https://nfdi.fiz-karlsruhe.de/ontology/NFDI_0000132 SPLIT=,	I https://nfdi.fiz-karlsruhe.de/ontology/NFDI_0000207 SPLIT=,	I http://purl.obolibrary.org/obo/BFO_0000056	I http://purl.obolibrary.org/obo/IAO_0000235	I https://nfdi.fiz-karlsruhe.de/ontology/NFDI_0000240 SPLIT=,	I https://nfdi.fiz-karlsruhe.de/ontology/NFDI_0000142
https://nfdi.fiz-karlsruhe.de/matwerk/msekg/17453070904941	https://nfdi.fiz-karlsruhe.de/ontology/NFDI_0000123	Github	url 737		GitHub, Inc., is an Internet hosting service for software development and version control using Git. It provides the distributed version control of Git plus access control, bug tracking, software feature requests, task management, continuous integration, and wikis for every Project collabration.			ContactingProcess 204			
https://nfdi.fiz-karlsruhe.de/matwerk/msekg/17453070103071	https://nfdi.fiz-karlsruhe.de/ontology/NFDI_0000123	Zenodo	url 738		Zenodo is a general-purpose open repository developed under the Europeropean OpenAIRE program and operated by CERN. It allows researchers to deposit research papers, data sets, research software, reports, and any other research related digital artefacts.			ContactingProcess 205			
https://nfdi.fiz-karlsruhe.de/matwerk/msekg/17453070103072	https://nfdi.fiz-karlsruhe.de/ontology/NFDI_0000123	Dryad	url 739		Dryad is an international open-access repository of research data, especially data underlying scientific and medical Publications. Dryad is a curated general-purpose repository that makes data discoverable, freely rEuropesable, and citable.			ContactingProcess 206			
https://nfdi.fiz-karlsruhe.de/matwerk/msekg/17453070103073	https://nfdi.fiz-karlsruhe.de/ontology/NFDI_0000123	OSF	url 740	url 537	OSF is a free, open platform to support research data and enable collaboration.			ContactingProcess 207			
https://nfdi.fiz-karlsruhe.de/matwerk/msekg/17453070103074	https://nfdi.fiz-karlsruhe.de/ontology/NFDI_0000123	figshare	url 741		figshare is a repository where users can make all of their research outputs available in a citable, shareable and discoverable manner			ContactingProcess 208			
https://nfdi.fiz-karlsruhe.de/matwerk/msekg/17453070103075	https://nfdi.fiz-karlsruhe.de/ontology/NFDI_0000123	Zentrales Gitlab der Christian-Albrechts-Universität zu Kiel	url 742					ContactingProcess 209			
https://nfdi.fiz-karlsruhe.de/matwerk/msekg/17453070103076	https://nfdi.fiz-karlsruhe.de/ontology/NFDI_0000123	opendata	url 743				MODS	ContactingProcess 210			
https://nfdi.fiz-karlsruhe.de/matwerk/msekg/17453070103077	https://nfdi.fiz-karlsruhe.de/ontology/NFDI_0000123	Interatomic potentials repository (NIST)	url 744		This repository provides a source for interatomic potentials (force fields), related files, and evaluation tools to help researchers obtain interatomic models and judge their quality and applicability.			ContactingProcess 211	C.A. Becker, F. Tavazza, Z.T. Trautt, and R.A. Buarque de Macedoc (2013), "Considerations for choosing and using force fields and interatomic potentials in materials science and engineering," Current Opinion in Solid State and Materials Science, 17, 277-283. DOI: 10.1016/j.cossms.2013.10.001 L.M. Hale, Z.T. Trautt, and C.A. Becker (2018), "Evaluating variability with atomistic simulations: the effect of potential and calculation methodology on the modeling of lattice and elastic constants," Modelling and Simulation in Materials Science and Engineering, 26, 055003. DOI: 10.1088/1361-651X/aabc05		
https://nfdi.fiz-karlsruhe.de/matwerk/msekg/17453070103078	https://nfdi.fiz-karlsruhe.de/ontology/NFDI_0000123	OpenKIM	url 745		OpenKIM is a curated repository of interatomic potentials and analytics for making classical molecular simulations of materials reliable, reproducible, and accessible. Content on OpenKIM is open source and freely available.	EDN		ContactingProcess 212	E. B. Tadmor, R. S. Elliott, J. P. Sethna, R. E. Miller and C. A. Becker, "The Potential of Atomistic Simulations and the Knowledgebase of Interatomic Models" JOM, 63, 17 (2011). doi:10.1007/s11837-011-0102-6		
https://nfdi.fiz-karlsruhe.de/matwerk/msekg/17453070103079	https://nfdi.fiz-karlsruhe.de/ontology/NFDI_0000123	Atomistica	url 746	url 538	Atomistica is a library of interatomic potentials. It is designed to be plugged into different simulation environments.			ContactingProcess 213		Albert-Ludwigs-University of Freiburg, Fraunhofer Institute for Mechanics of Materials	GNU license
https://nfdi.fiz-karlsruhe.de/matwerk/msekg/174530701030710	https://nfdi.fiz-karlsruhe.de/ontology/NFDI_0000123	CCP-NC Database Software of calculated NMR data	url 747		This is the prototype interface for the CCP-NC Database Software of calculated NMR data.	csv, json	OPTIMADE	ContactingProcess 214			
https://nfdi.fiz-karlsruhe.de/matwerk/msekg/174530701030711	https://nfdi.fiz-karlsruhe.de/ontology/NFDI_0000123	CASTEP PsEuropedopotentials	url 748		CASTEP psEuropedopotential strings and data for the elements			ContactingProcess 215			
https://nfdi.fiz-karlsruhe.de/matwerk/msekg/17453070103081	https://nfdi.fiz-karlsruhe.de/ontology/NFDI_0000123	PubChem	url 749		PubChem is the world's largest collection of freely accessible chemical information. Search chemicals by name, molecular formula, structure, and other identifiers. Find chemical and physical properties, biological activities, safety and toxicity information, patents, literature citations and more.	smiles, csv, SFD		ContactingProcess 216	Kim S. Exploring Chemical Information in PubChem. Curr. Protoc.; 2021 Aug 9; 1(8):e217. doi: https://doi.org/10.1002/cpz1.217.		
https://nfdi.fiz-karlsruhe.de/matwerk/msekg/17453070103082	https://nfdi.fiz-karlsruhe.de/ontology/NFDI_0000123	Bilbao Crystallographic Server	url 750		Bilbao Crystallographic Server is an open access website offering online crystallographic Database Software and programs aimed at analyzing, calculating and visualizing problems of structural and mathematical crystallography, solid state physics and structural chemistry.			ContactingProcess 217	M. I. Aroyo, J. M. Perez-Mato, D. Orobengoa, E. Tasci, G. de la Flor, A. Kirov "Crystallography online: Bilbao Crystallographic Server" Bulg. Chem. Commun. 43(2) 183-197 (2011). Scopus Web of Science M. I. Aroyo, J. M. Perez-Mato, C. Capillas, E. Kroumova, S. Ivantchev, G. Madariaga, A. Kirov & H. Wondratschek "Bilbao Crystallographic Server I: Database Softwares and crystallographic computing programs" Z. Krist. 221, 1, 15-27 (2006). doi:10.1524/zkri.2006.221.1.15 M. I. Aroyo, A. Kirov, C. Capillas, J. M. Perez-Mato & H. Wondratschek "Bilbao Crystallographic Server II: Representations of crystallographic point groups and space groups" Acta Cryst. A62, 115-128 (2006). doi:10.1107/S0108767305040286		
https://nfdi.fiz-karlsruhe.de/matwerk/msekg/17453070103083	https://nfdi.fiz-karlsruhe.de/ontology/NFDI_0000123	Crystallography Open Database Software (COD)	url 751		Open-access collection of crystal structures of organic, inorganic, metal-organic compounds and minerals, excluding biopolymers.	CIF, csv	OPTIMADE	ContactingProcess 218	Gražulis, S., Daškevič, A., Merkys, A., Chateigner, D., Lutterotti, L., Quirós, M., Serebryanaya, N. R., Moeck, P., Downs, R. T. & LeBail, A. (2012). Crystallography Open Database Software (COD): an open-access collection of crystal structures and platform for world-wide collaboration. Nucleic Acids Research, 40, D420-D427. doi: 10.1093/nar/gkr900 (BibTeX, EndNote/Refer, plain text)  Grazulis, S., Chateigner, D., Downs, R. T., Yokochi, A. T., Quiros, M., Lutterotti, L., Manakova, E., Butkus, J., Moeck, P. & Le Bail, A. (2009). Crystallography Open Database Software – an open-access collection of crystal structures. Journal of Applied Crystallography, 42, 726-729. doi: 10.1107/S0021889809016690 (BibTeX, EndNote/Refer, plain text)		https://creativecommons.org/Publicdomain/zero/1.0/
https://nfdi.fiz-karlsruhe.de/matwerk/msekg/17453070103084	https://nfdi.fiz-karlsruhe.de/ontology/NFDI_0000123	MaterialsProject collabration	url 752	url 539	By computing properties of all known materials, the Materials Project collabration aims to remove guesswork from materials design in a variety of applications. Experimental research can be targeted to the most promising compounds from computational data sets. Researchers will be able to data-mine scientific trends in materials properties. By providing materials researchers with the information they need to design better, the Materials Project collabration aims to accelerate innovation in materials research.		OPTIMADE	ContactingProcess 219	A. Jain*, S.P. Ong*, G. Hautier, W. Chen, W.D. Richards, S. Dacek, S. Cholia, D. Gunter, D. Skinner, G. Ceder, K.A. Persson (*=equal contributions) The Materials Project collabration: A materials genome approach to accelerating materials innovation APL Materials, 2013, 1(1), 011002. doi:10.1063/1.4812323		Creative Commons Attribution 4.0 International License
https://nfdi.fiz-karlsruhe.de/matwerk/msekg/17453070103085	https://nfdi.fiz-karlsruhe.de/ontology/NFDI_0000123	Materials Cloud	url 753	url 540	Materials Cloud is built to enable the seamless sharing and dissemination of resources in computational materials science, offering educational, research, and archiving tools; simulation software and services; and curated and raw data. These underpin published results and empower data-based discovery, compliant with data management plans and the FAIR principles.		OPTIMADE	ContactingProcess 220	https://www.nature.com/articles/s41597-020-00637-5		
https://nfdi.fiz-karlsruhe.de/matwerk/msekg/17453070103086	https://nfdi.fiz-karlsruhe.de/ontology/NFDI_0000123	Novel Materials Discovery (NOMAD)	url 754	url 541	The Novel Materials Discovery (NOMAD) Laboratory maintains the largest worldwide repository for input and output files of all important computational materials science computer programs.		OPTIMADE	ContactingProcess 221	https://iopscience.iop.org/article/10.1088/2515-7639/ab13bb/meta	Humboldt-Universität zu Berlin	
https://nfdi.fiz-karlsruhe.de/matwerk/msekg/17453070103087	https://nfdi.fiz-karlsruhe.de/ontology/NFDI_0000123	MatPortal	url 755		Ontology repository for materials science.			ContactingProcess 222		Fraunhofer-Gesellschaft, Federal Institute For Materials Research and Testing	
https://nfdi.fiz-karlsruhe.de/matwerk/msekg/17453070103088	https://nfdi.fiz-karlsruhe.de/ontology/NFDI_0000123	Atomistictools	url 756		This website provides an interactive interface for the assessment of interatomic potentials presented in OpenKIM, NIST IPR and elsewhere with respect to DFT reference data. The calculations were carried out using the pyiron workflow management tool.			ContactingProcess 223		Interdisciplinary Centre for Advanced Materials Simulation	
https://nfdi.fiz-karlsruhe.de/matwerk/msekg/17453070103089	https://nfdi.fiz-karlsruhe.de/ontology/NFDI_0000123	Aflow	url 757		Automatic FLOW (AFLOW) Database Software for computational materials science. Globally available Database Software of 3,528,653 material compounds with over 733,959,824 calculated properties, and growing.		OPTIMADE	ContactingProcess 224			
https://nfdi.fiz-karlsruhe.de/matwerk/msekg/174530701030810	https://nfdi.fiz-karlsruhe.de/ontology/NFDI_0000123	Jarvis	url 758		JARVIS (Joint Automated Repository for Various Integrated Simulations) is a repository designed to automate materials discovery and optimization using classical force-field, density functional theory, machine learning calculations and experiments.			ContactingProcess 225	https://www.nature.com/articles/s41524-020-00440-1		
https://nfdi.fiz-karlsruhe.de/matwerk/msekg/174530701030811	https://nfdi.fiz-karlsruhe.de/ontology/NFDI_0000123	Materials Platform for Data Science	url 759		Online materials Database Software (known as PAULING FILE Project collabration) with nearly 2 million entries: physical properties, crystal structures, phase diagrams, available via API, ready for modern data-intensive applications. The source of these entries are about 300,000 peer-reviewed Publications in materials science, processed during the last 16 years by an international team of PhD editors. The results are presented online with a quick search interface. The basic access is provided for free.		OPTIMADE	ContactingProcess 226			
https://nfdi.fiz-karlsruhe.de/matwerk/msekg/174530701030812	https://nfdi.fiz-karlsruhe.de/ontology/NFDI_0000123	Open Materials Database Software_name_	url 760		The Open Materials Database Software is a Publicly available, searchable Database Software for information on the properties of materials created by people who work in computational materials design research.		OPTIMADE	ContactingProcess 227			
https://nfdi.fiz-karlsruhe.de/matwerk/msekg/174530701030813	https://nfdi.fiz-karlsruhe.de/ontology/NFDI_0000123	The Open Quantum Materials Database Software	url 761		The OQMD is a Database Software of DFT calculated thermodynamic and structural properties of 1,022,603 materials, created in Chris Wolverton's group at Northwestern University.		OPTIMADE	ContactingProcess 228	1. Saal, J. E., Kirklin, S., Aykol, M., Meredig, B., and Wolverton, C. "Materials Design and Discovery with High-Throughput Density Functional Theory: The Open Quantum Materials Database Software (OQMD)", JOM 65, 1501-1509 (2013). doi:10.1007/s11837-013-0755-4  2. Kirklin, S., Saal, J.E., Meredig, B., Thompson, A., Doak, J.W., Aykol, M., Rühl, S. and Wolverton, C. "The Open Quantum Materials Database Software (OQMD): assessing the accuracy of DFT formation energies", npj Computational Materials 1, 15010 (2015). doi:10.1038/npjcompumats.2015.10 Link (See a list of citing articles here).		
https://nfdi.fiz-karlsruhe.de/matwerk/msekg/174530701030814	https://nfdi.fiz-karlsruhe.de/ontology/NFDI_0000123	Citrination	url 762		Citrination is the premier open Database Software and analytics platform for the world's material and chemical information. Developed by Citrine Informatics.			ContactingProcess 229			partly propietary
https://nfdi.fiz-karlsruhe.de/matwerk/msekg/174530701030815	https://nfdi.fiz-karlsruhe.de/ontology/NFDI_0000123	MatDB	url 763		MatDB is a Database Software application for experimentally measured engineering materials data. It supports open, registered, and restricted access. It presently hosts more than 20.000 unique data sets coming mainly from Europeropean and Member State research programmes. It supports web interfaces for entering, browsing, and retrieving data. MatDB is also enabled for innovative services, including data citation and interoperability standards. The data citation service relies on DataCite DOIs.			ContactingProcess 230			
https://nfdi.fiz-karlsruhe.de/matwerk/msekg/174530701030816	https://nfdi.fiz-karlsruhe.de/ontology/NFDI_0000123	MatDat	url 764		Over 1000 detailed, fully referenced and verified datasets for steels, aluminium and titanium alloys, cast irons/steels, weld metals. Materials can be searched according to a number of different criteria. Initial search results are presented in the form of a table from which they can be selected for presentation in form of detailed report or for comparison overview (up to 5 materials). In addition to material information and values of properties/parameters, images of microstructure, specimens and those of stress-strain, stress- and strain-life curves (if available) can be reviewed as well.			ContactingProcess 231			
https://nfdi.fiz-karlsruhe.de/matwerk/msekg/174530701030817	https://nfdi.fiz-karlsruhe.de/ontology/NFDI_0000123	Materials Data Repository	url 765		MDR is a data repository to collect and store papers, presentation materials, and related materials data to accumulate and release them in a form suitable for the promotion of materials research and materials informatics. Users can search the documents and the data from information (metadata) such as sample, instrument, method, and from the full text of the deposited data, to browse and download them freely.			ContactingProcess 232		National Institute for Materials Science (NIMS)	
https://nfdi.fiz-karlsruhe.de/matwerk/msekg/174530701030818	https://nfdi.fiz-karlsruhe.de/ontology/NFDI_0000123	MatNavi: NIMS Materials Database Software	url 766		The NIMS Materials Database Software (MatNavi) aims to contribute to the development of new materials and the selection of materials. MatNavi includes Polymer DB (chemical structures, polymerization, processing, physical properties, NMR spectra, etc.), Inorganic MaterialDB (crystal structures, phase diagrams, physical properties, etc.), Metallic Material DB (density, elastic constants, creep characteristics, etc.) and Computational Electronic Structure DB (band structures obtained by first-principles calculations, etc). It also offers applications such as the Composite Design & Property Prediction System. If you register, you can search and browse various Database Softwares for free.			ContactingProcess 233		National Institute for Materials Science (NIMS)	
https://nfdi.fiz-karlsruhe.de/matwerk/msekg/174530701030819	https://nfdi.fiz-karlsruhe.de/ontology/NFDI_0000123	Polymer Database Software (PoLyInfo)	url 767		Polymer Database Software "PoLyInfo" systematically provides various data required for polymeric material design. The main data source is academic literature on polymers. Information on polymers including properties, chemical structures, IUPAC names, processing methods of measured samples, measurement conditions, used monomers and polymerization methods are stored in a object Database Software. About 100 types of properties including thermal, electrical and mechanical properties are covered. Homopolymers, copolymers, furthermore polymer blends, composites and compounds that consist of homopolymers and copolymers are open to the Public.			ContactingProcess 234		National Institute for Materials Science (NIMS)	
https://nfdi.fiz-karlsruhe.de/matwerk/msekg/174530701030820	https://nfdi.fiz-karlsruhe.de/ontology/NFDI_0000123	Inorganic Material Database Software (AtomWork)	url 768		The Inorganic Material Database Software aims to cover all basic crystal structure, x-ray diffraction, property and phase diagram data of inorganic and metallic materials from main literature sources.			ContactingProcess 235	Yibin Xu, Masayoshi Yamazaki, and Pierre Villars: Inorganic Materials Database Software for Exploring the Nature of Material: Jpn. J. Appl. Phys. 50 (2011) 11RH02.	National Institute for Materials Science (NIMS)	
https://nfdi.fiz-karlsruhe.de/matwerk/msekg/174530701030821	https://nfdi.fiz-karlsruhe.de/ontology/NFDI_0000123	Computational Electronic Structure Database Software (CompES-X)	url 769		CompES-X is a Database Software of electronic structures predicted by the first-principles calculations for mono-element and multi-element crystalline inorganic compounds that are based on the experimental data of crystal structures (CIF file) of a broad range of materials collected in Inorganic Materials Database Software (AtomWork). The calculations are carried out mainly by using the first-principles plane wave psEuropedopotential method as implemented in VASP code. The entry of calculated electronic structure data is in one-to-one association with that of experimental data of crystal structures of inorganic compounds contained in AtomWork.			ContactingProcess 236		National Institute for Materials Science (NIMS)	
https://nfdi.fiz-karlsruhe.de/matwerk/msekg/174530701030822	https://nfdi.fiz-karlsruhe.de/ontology/NFDI_0000123	Diffusion Database Software (Kakusan)	url 770		The Diffusion Database Software aims to cover all the basic diffusion data of metallic and inorganic materials mainly from the literature sources. The Database Software consists of "diffusion data" and "reference data". Currently the system primarily contains information of pure metals, alloys, semiconductors, ceramics and intermetallics.			ContactingProcess 237		National Institute for Materials Science (NIMS)	
https://nfdi.fiz-karlsruhe.de/matwerk/msekg/174530701030823	https://nfdi.fiz-karlsruhe.de/ontology/NFDI_0000123	Thermophysical Property Database Software	url 771		This Database Software contains data on density, surface tension and viscosity coefficient of metals, alloys and ceramics obtained by floating experiments using an electrostatic levitation furnace.			ContactingProcess 238		National Institute for Materials Science (NIMS)	
https://nfdi.fiz-karlsruhe.de/matwerk/msekg/174530701030824	https://nfdi.fiz-karlsruhe.de/ontology/NFDI_0000123	Metallic Material Database Software (Kinzoku)	url 772		The Metallic Materials Database Software (Kinzoku) includes the density, elastic modulus, poisson ratio, hardness, toughness, tensile, creep, creep rupture properties, and various fatigue properties of structural metallic materials. It can be searched by JIS standard number, ASTM standard number, material name, material form, etc.			ContactingProcess 239		National Institute for Materials Science (NIMS)	
https://nfdi.fiz-karlsruhe.de/matwerk/msekg/174530701030825	https://nfdi.fiz-karlsruhe.de/ontology/NFDI_0000123	CCT Diagram Database Software (CCTD)	url 773		The welding Database Software system to predict hardness and microstructural constituents in the heat affected zone and to determine optimum welding conditions has been developed by using an estimated thermal cycle and the Database Software of CCT diagram for welding.			ContactingProcess 240		National Institute for Materials Science (NIMS)	
https://nfdi.fiz-karlsruhe.de/matwerk/msekg/174530701030826	https://nfdi.fiz-karlsruhe.de/ontology/NFDI_0000123	Cambridge Structural Database Software (CSD)	url 774		The comprehensive repository of validated and curated small-molecule organic and metal-organic crystal structures.			ContactingProcess 241		Cambridge Crystallographic Data Centre (CCDC)	partly propietary
https://nfdi.fiz-karlsruhe.de/matwerk/msekg/174530701030827	https://nfdi.fiz-karlsruhe.de/ontology/NFDI_0000123	Inorganic Crystal Structure Database Software (ICSD)	url 775		ICSD is an information service in crystallography and comprises the world’s largest Database Software for fully identified inorganic crystal structures.			ContactingProcess 242		FIZ Karlsruhe - Leibniz Institute for Information Infrastructure	partly propietary
https://nfdi.fiz-karlsruhe.de/matwerk/msekg/174530701030828	https://nfdi.fiz-karlsruhe.de/ontology/NFDI_0000123	ioChem-BD	url 776					ContactingProcess 243			
https://nfdi.fiz-karlsruhe.de/matwerk/msekg/174530701030829	https://nfdi.fiz-karlsruhe.de/ontology/NFDI_0000123	Computational Materials Repository (CMR)	url 777		Each CMR Project collabration consists of an ASE-Database Software and a Project collabration page describing the data and showing examples of how to work with the data using Python and ASE.			ContactingProcess 244			Creative Commons Attribution-ShareAlike 4.0 International License
https://nfdi.fiz-karlsruhe.de/matwerk/msekg/174530701030830	https://nfdi.fiz-karlsruhe.de/ontology/NFDI_0000123	Electronic Structure Project collabration (ESP)	url 778		The electronic structure Project collabration (ESP) is a collection of some 60,000 electronic structure calculations. A full-potential linear muffin-tin orbital (FP-LMTO) implementation of density functional theory (DFT) within the local density approximation (LDA) was used to solve the electronic structures.			ContactingProcess 245	Potential new scintillators identified by electronic structure calculations, M. Klintenberg, S. E. Derenzo and M. J. Weber. Nucl. Inst. Meth. A486, 298-302 (2002).  “A systematic search for new scintillators using electronic structure calculations”, M. Klintenberg, S. E. Derenzo, and M. J. Weber. Nanotech 2002 Vol. 2, Technical Proceedings of the 2002 International Conference on Computational Nanoscience and Nanotechnology. PDF-version  "Data mining and accelerated electronic structure theory as a tool in the search for new functional materials", C. Ortiz, O. Eriksson and M. Klintenberg. Comput. Mater. Sci. 44, 1042-1049 (2009).		
https://nfdi.fiz-karlsruhe.de/matwerk/msekg/174530701030831	https://nfdi.fiz-karlsruhe.de/ontology/NFDI_0000123	HybriD³ materials Database Software	url 779		The HybriD³ materials Database Software provides a comprehensive collection of experimental and computational materials data for crystalline organic-inorganic compounds, predominantly based on the perovskite paradigm.			ContactingProcess 246			https://creativecommons.org/licenses/by/4.0/
https://nfdi.fiz-karlsruhe.de/matwerk/msekg/174530701030832	https://nfdi.fiz-karlsruhe.de/ontology/NFDI_0000123	Khazana	url 780		A platform to store structure and property data created by atomistic simulations, and toold to design materials by learning from the data			ContactingProcess 247			
https://nfdi.fiz-karlsruhe.de/matwerk/msekg/174530701030833	https://nfdi.fiz-karlsruhe.de/ontology/NFDI_0000123	Polymer Genome	url 781		An informatics platform for polymer property prediction and design using machine learning			ContactingProcess 248	Machine-learning predictions of polymer properties with Polymer Genome H. D. Tran, C. Kim, L. Chen, A. Chandrasekaran, R. Batra, S. Venkatram, D. Kamal, J. P. Lightstone, R. Gurnani, P. Shetty, M. Ramprasad, J. Laws, M. Shelton, R. Ramprasad, J. Appl. Phys., 128, 171104 (2020).  Polymer Genome: A data-powered polymer informatics platform for property predictions C. Kim, A. Chandrasekaran, T. D. Huan, D. Das, R. Ramprasad, J. Phys. Chem. C 122, 31, 17575-17585 (2018).  A polymer dataset for accelerated property prediction and design T. D. Huan, A. Mannodi-Kanakkithodi, C. Kim, V. Sharma, G. Pilania, R. Ramprasad, Sci. Data, 3 160012 (2016).		
https://nfdi.fiz-karlsruhe.de/matwerk/msekg/174530701030834	https://nfdi.fiz-karlsruhe.de/ontology/NFDI_0000123	The Materials Data Facility (MDF)	url 782		A simple way to publish, discover, and access materials datasets			ContactingProcess 249	Blaiszik, B., K. Chard, J. Pruyne, R. Ananthakrishnan, S. Tuecke, and I. Foster. “The Materials Data Facility: Data Services to Advance Materials Science Research.” JOM 68, no. 8 (July 6, 2016): 2045–2052. doi:10.1007/s11837-016-2001-3. (link) Blaiszik, Ben, Logan Ward, Marcus Schwarting, Jonathon Gaff, Ryan Chard, Daniel Pike, Kyle Chard, and Ian Foster. “A Data Ecosystem to Support Machine Learning in Materials Science.” MRS Communications (October 10, 2019): 1–9. doi:10.1557/mrc.2019.118. (link)		
https://nfdi.fiz-karlsruhe.de/matwerk/msekg/174530701030835	https://nfdi.fiz-karlsruhe.de/ontology/NFDI_0000123	Material Properties Open Database Software (MPOD)	url 783		The Material Properties Open Database Software (MPOD) is a web-based, open access repository of quantitative information about the physical properties of crystalline materials.  MPOD is oriented to design engineers, scientists, science teachers and students. Properties are generally treated as tensor magnitudes. In MPOD the compact matrix notation is applied. To bring an intuitive view of tensor properties, so-called longitudinal properties surfaces are displayed.			ContactingProcess 250	Pepponi G, Grazulis S, Chateigner D: “MPOD: a Material Property Open Database Software linked to structural information”. Nuclear Instruments and Methods in Physics Research B 284, 10-14 (2012).		
https://nfdi.fiz-karlsruhe.de/matwerk/msekg/174530701030836	https://nfdi.fiz-karlsruhe.de/ontology/NFDI_0000123	nanoHUB	url 784		nanoHUB.org is the premier place for computational nanotechnology research, education, and collaboration. Our site hosts a rapidly growing collection of Simulation Programs for nanoscale phenomena that run in the cloud and are accessible through a web browser.			ContactingProcess 251			
https://nfdi.fiz-karlsruhe.de/matwerk/msekg/174530701030837	https://nfdi.fiz-karlsruhe.de/ontology/NFDI_0000123	NRELMatDB	url 785		NRELMatDB is a computational materials Database Software with the specific focus on materials for renewable energy applications including, but not limited to, photovoltaic materials, materials for photo-electrochemical water splitting, thermoelectrics, etc. The main goal of NRELMatDB is to enable and facilitate the access and exchange of computational data between different research groups following the guidelines outlined in the Presidential Materials Genome Initiative (http://www.mgi.gov).			ContactingProcess 252			
https://nfdi.fiz-karlsruhe.de/matwerk/msekg/174530701030838	https://nfdi.fiz-karlsruhe.de/ontology/NFDI_0000123	Organic Materials Database Software (OMDB)	url 786		The organic materials Database Software is an open access electronic structure Database Software for 3-dimensional organic crystals, developed and hosted at the Nordic Institute for Theoretical Physics – Nordita.  It provides tools for search queries based on data-mining and machine learning techniques. The universal features provided on our web interface facilitate the design of novel functional organic materials with a wide-range of applications.			ContactingProcess 253			
https://nfdi.fiz-karlsruhe.de/matwerk/msekg/174530701030839	https://nfdi.fiz-karlsruhe.de/ontology/NFDI_0000123	Phonon Database Software at Kyoto university	url 787		It’s getting to be a mainstream idea collecting a big set of ab-initio calculations and analyzing them by informatics approach. For scientific purpose, we plan to do it for phonon properties. As an attempt, we have run a set of ab-initio phonon calculations and left the raw data on this static web site. The aim of this web site is just leaving the data to distribute.			ContactingProcess 254			Creative Commons Attribution 4.0 International License
https://nfdi.fiz-karlsruhe.de/matwerk/msekg/174530701030840	https://nfdi.fiz-karlsruhe.de/ontology/NFDI_0000123	Raman Open Database Software (ROD)	url 788		Open-access collection of Raman spectra used for the SOLSA H2020 Project collabration.			ContactingProcess 255			
https://nfdi.fiz-karlsruhe.de/matwerk/msekg/174530701030841	https://nfdi.fiz-karlsruhe.de/ontology/NFDI_0000123	Topological Material Database Software	url 789		Using a recently developed formalism called topological quantum chemistry, we perform a high-throughput search of ‘high-quality’ materials (for which the atomic positions and structure have been measured very accurately) in the Inorganic Crystal Structure Database Software in order to identify new topological phases. We develop codes to compute all characters of all symmetries of 26,938 stoichiometric materials, and find 3,307 topological insulators, 4,078 topological semimetals and no fragile phases. For these 7,385 materials we provide the electronic band structure, including some electronic properties (bandgap and number of electrons), symmetry indicators, and other topological information. Our results show that more than 27 per cent of all materials in nature are topological. We provide an open-source code that checks the topology of any material and allows other researchers to reproduce our results.			ContactingProcess 256	Topological Quantum Chemistry Nature 547, 298—305 (2017) A Complete Catalogue of High-Quality Topological Materials Nature 566, 480-485 (2019) All Topological Bands of all Nonmagnetic Stoichiometric Materials Science 376, 6595 (2022)		
https://nfdi.fiz-karlsruhe.de/matwerk/msekg/174530701030842	https://nfdi.fiz-karlsruhe.de/ontology/NFDI_0000123	Carolina Materials Database Software	url 790		Welcome to Carolina Materials Database Software created in Jianjun Hu's and Ming Hu's groups at University of South Carolina. A freely, Globally accessible Database Software of 38,716 inorganic material compounds with over 80,000 calculated properties, and growing.			ContactingProcess 257			
https://nfdi.fiz-karlsruhe.de/matwerk/msekg/174530701030843	https://nfdi.fiz-karlsruhe.de/ontology/NFDI_0000123	CascadesDB	url 791		CascadesDB is a Database Software of molecular dynamics simulations of collision cascades, developed by the International Atomic Energy Agency. The Project collabration was initiated by the 5th meeting of the IAEA's Code Centres Network in November 2017 to enhance the usage and long-term curation of collisional cascade simulations for the analysis and prediction of radiation damage in materials for fusion and fission applications.			ContactingProcess 258			Apache Licence, Version 2.0
https://nfdi.fiz-karlsruhe.de/matwerk/msekg/174530701030844	https://nfdi.fiz-karlsruhe.de/ontology/NFDI_0000123	Surface Reactions Database Software	url 792		The Surface Reactions Database Software contains thousands of reaction energies and barriers from density functional theory (DFT) calculations on surface systems.			ContactingProcess 259			
https://nfdi.fiz-karlsruhe.de/matwerk/msekg/174530701030845	https://nfdi.fiz-karlsruhe.de/ontology/NFDI_0000123	Information Resources on Inorganic Chemistry (IRIC)	url 793		IRIC Database Software (Information Resources on Inorganic Chemistry) contains brief information on information systems on inorganic chemistry and material science. All data are taken from Publications.			ContactingProcess 260			
https://nfdi.fiz-karlsruhe.de/matwerk/msekg/174530701030846	https://nfdi.fiz-karlsruhe.de/ontology/NFDI_0000123	NFDI4Ing Data Collections Explorer	url 794	url 542	Information system to facilitate research of domain specific repositories and Database Softwares, as well as datasets published individually by research groups			ContactingProcess 261			
https://nfdi.fiz-karlsruhe.de/matwerk/msekg/174530701030847	https://nfdi.fiz-karlsruhe.de/ontology/NFDI_0000123	Materials Commons	url 795	url 543	A site for Materials Scientists to collaborate, store and publish research. The Materials Commons is supported by the U.S. Department of Energy, Office of Basic Energy Sciences, Division of Materials Sciences and Engineering.			ContactingProcess 262			
https://nfdi.fiz-karlsruhe.de/matwerk/msekg/174530701030848	https://nfdi.fiz-karlsruhe.de/ontology/NFDI_0000123	ThermoML	url 796		ThermoML is an XML-based IUPAC Standard for Storage Service and exchange of thermophysical and thermochemical property data.			ContactingProcess 263	2022. Towards improved FAIRness of the ThermoML Archive (DOI:10.1002/jcc.26842) External link: J. Comput. Chem. 2022, 43( 12), 879 2021. ThermoML/Data Archive (DOI:10.18434/mds2-2422)		
https://nfdi.fiz-karlsruhe.de/matwerk/msekg/174530701030849	https://nfdi.fiz-karlsruhe.de/ontology/NFDI_0000123	GBRV psEuropedopotentials	url 797		This site hosts the GBRV psEuropedopotential library, a highly accurate and computationally inexpensive open-source psEuropedopotential library which has been designed and optimized for use in high-throughput DFT calculations and released under the gnu Public license.  We provide potential files for direct use with the Quantum Espresso, Abinit, and JDFTx plane-wave psEuropedopotential codes, as well as input files for the Vanderbilt Ultrasoft psEuropedopotential generator.			ContactingProcess 264	K.F. Garrity, J.W. Bennett, K.M. Rabe and D. Vanderbilt, Comput. Mater. Sci. 81, 446 (2014)		GNU license
https://nfdi.fiz-karlsruhe.de/matwerk/msekg/17453072154911	https://nfdi.fiz-karlsruhe.de/ontology/NFDI_0000123	BioPortal	url 798		The National Center for Biomedical Ontology was founded as one of the National Centers for Biomedical Computing, supported by the NHGRI, the NHLBI, and the NIH Common Fund under grant U54-HG004028.			ContactingProcess 265			