#	Type	Software name	Short description	Subject area	Method	latest Version	Website link	Repository link	participates in contacting process	License	Runtime environment	Documentation link	Related software	Programming language	Associated project	Associated organization	Related publication
ID	TYPE	I http://purl.obolibrary.org/obo/IAO_0000235	I http://purl.obolibrary.org/obo/IAO_0000235	I https://nfdi.fiz-karlsruhe.de/ontology/NFDI_0000211	I https://nfdi.fiz-karlsruhe.de/ontology/NFDI_0000216 SPLIT=,	I http://purl.obolibrary.org/obo/IAO_0000235	I http://purl.obolibrary.org/obo/IAO_0000235	I http://purl.obolibrary.org/obo/IAO_0000235	I http://purl.obolibrary.org/obo/BFO_0000056	I https://nfdi.fiz-karlsruhe.de/ontology/NFDI_0000142	I https://nfdi.fiz-karlsruhe.de/ontology/NFDI_0000204 SPLIT=,	I https://nfdi.fiz-karlsruhe.de/ontology/NFDI_0000204	I https://nfdi.fiz-karlsruhe.de/ontology/NFDI_0000226 SPLIT=,	I https://nfdi.fiz-karlsruhe.de/ontology/NFDI_0000187 SPLIT=,	I https://nfdi.fiz-karlsruhe.de/ontology/NFDI_0000194 SPLIT=,	I https://nfdi.fiz-karlsruhe.de/ontology/NFDI_0000240	I http://purl.obolibrary.org/obo/IAO_0000235
https://purls.helmholtz-metadaten.de/msekg/17451592331711	https://nfdi.fiz-karlsruhe.de/ontology/NFDI_0000121	Calphy	Python library and command line tool for calculation of free energies	Data Driven Material Science	molecular dynamics, atomistic simulations	1.1.4	url 58	url 194	ContactingProcess 1	ASL/ BSD-3	Linux,OSX	url 58	LAMMPS, pylammpsmpi, Pyscal, Mendeleev	python	NFDI-MatWerk project, https://gepris.dfg.de/gepris/projekt/405621217?context=projekt&task=showDetail&id=405621217&	Max Planck Institute for Iron Research	Automated free-energy calculation from atomistic simulations
https://purls.helmholtz-metadaten.de/msekg/17451592331712	https://nfdi.fiz-karlsruhe.de/ontology/NFDI_0010039	Melting temperature computational workflow	A repository illustrating the calculation of melting temperature through atomistic simulations using pyiron and calphy	MaterialsDeformation Processes	molecular dynamics, atomistic simulations			url 195	ContactingProcess 2			url 317			NFDI-MatWerk project	Max Planck Institute for Iron Research	
https://purls.helmholtz-metadaten.de/msekg/17451592331713	https://nfdi.fiz-karlsruhe.de/ontology/NFDI_0010039	Pyscal	Python library written in C++ for calculation of local atomic structural environment	Computational Materials Science	molecular dynamics, atomistic simulations	2.10.15	url 59	url 196	ContactingProcess 3	BSD-3	Linux,OSX,Windows	url 59	ASE, h5py, pybind11,LAMMPS	python, C++			pyscal: A python module for structural analysis of atomic environments.
https://purls.helmholtz-metadaten.de/msekg/17451592331714	https://nfdi.fiz-karlsruhe.de/ontology/NFDI_0000218	EQ2PC	A python script to implement the generation of discrete periodic structures with identical 2-point correlation.	Materials Characterization				url 197	ContactingProcess 4			url 319		python			On the generation of periodic discrete structures with identical two-point correlation
https://purls.helmholtz-metadaten.de/msekg/17451592331715	https://nfdi.fiz-karlsruhe.de/ontology/NFDI_0001044	MinimumEnergyPoints	An algorithm implementing the minimum energy without nonlinear constraints. Distributes points on hyperspheres such that user-defined energy is minimized.	Materials Characterization				url 198	ContactingProcess 5	BSD 3-Clause License				MATLAB	DFG-FR2702/8, DFG-FR2702/6, EXC 310/2		Generation of energy-minimizing point sets on spheres and their application in mesh-free interpolation and differentiation
https://purls.helmholtz-metadaten.de/msekg/17451592331716	https://nfdi.fiz-karlsruhe.de/ontology/NFDI_0001046	ConcentricInterpolation	Interpolate and differentiate data in arbitrary dimensions efficiently in a concentric manner.	Materials Processing				url 199	ContactingProcess 6	BSD-3-Clause license				C++	SimTech EXC 2075		Generation of energy-minimizing point sets on spheres and their application in mesh-free interpolation and differentiation
https://purls.helmholtz-metadaten.de/msekg/17451592331717	https://nfdi.fiz-karlsruhe.de/ontology/NFDI_0001049	Image based prediction of the heat conduction tensor	An open-source code providing a graphical user interface to predict the effective heat conductivity of microstructures and requires only the image data as input. The deployed methods are proposed and validated in the related paper, doi: 10.3390/mca24020057.	Theoretical Computer Science	Machine learning			url 200	ContactingProcess 7					python	SimTech EXC 2075		Data-Driven Microstructure Property Relations
https://purls.helmholtz-metadaten.de/msekg/17451592331718	https://nfdi.fiz-karlsruhe.de/ontology/NFDI_0000222	Finite Element Analysis Program	A general purpose finite element analysis program which is designed for research and educational use.	Materials Microstructural	Finite Element Method	8.6	url 60		ContactingProcess 8	Propietary	Windows,Mac/Unix/Linux	url 320					
https://purls.helmholtz-metadaten.de/msekg/17451592331719	https://nfdi.fiz-karlsruhe.de/ontology/NFDI_0010041	ParaView	ParaView is an open-source, multi-platform data analysis and visualization application based on Visualization Toolkit (VTK).	Software Engineering		5.10.1	url 61	url 201	ContactingProcess 9	OSI-approved BSD 3-clause License	Windows,Mac/Unix/Linux	url 321	VTK	C, C++, Fortran, python			
https://purls.helmholtz-metadaten.de/msekg/174515923317110	https://nfdi.fiz-karlsruhe.de/ontology/NFDI_0001049	The Visualization Toolkit	The Visualization Toolkit (VTK) is open source software for manipulating and displaying scientific data. It comes with state-of-the-art tools for 3D rendering, a suite of widgets for 3D interaction, and extensive 2D plotting capability.	Computational Materials Science		9.2.0	url 62	url 202	ContactingProcess 10	BSD license			ParaView				Schroeder, Will; Martin, Ken; Lorensen, Bill (2006), The Visualization Toolkit (4th ed.), Kitware, ISBN 978-1-930934-19-1
https://purls.helmholtz-metadaten.de/msekg/174515923317111	https://nfdi.fiz-karlsruhe.de/ontology/NFDI_0001048	pyXIT	Volume Reconstrution Software for X-ray computed tomography data: reconstruction of set of 2D Project collabrationions to a 3D volume based on mathematical algorithms	Computational Materials Science	X-ray imaging	1.1.5	url 63		ContactingProcess 11	BSD				python			
https://purls.helmholtz-metadaten.de/msekg/174515923317112	https://nfdi.fiz-karlsruhe.de/ontology/NFDI_0000121	Avizo Software	image data processing, visualization and analysis especially for 3D data sets like X-ray tomography	Data Science		2019.3	url 64		ContactingProcess 12	Proprietary license							
https://purls.helmholtz-metadaten.de/msekg/174515923317113	https://nfdi.fiz-karlsruhe.de/ontology/NFDI_0001049	Fiji	Fiji is an image processing package—a “batteries-included” distribution of ImageJ2, bundling a lot of plugins which facilitate scientific image analysis.	Data Science		2.5.0	url 65	url 203	ContactingProcess 13	GPLv3+		url 322	ImageJ, ImageJ2	Java, Shell, python, ruby, MATLAB			
https://purls.helmholtz-metadaten.de/msekg/174515923317114	https://nfdi.fiz-karlsruhe.de/ontology/NFDI_0000140	ImageJ	ImageJ is Public domain software for processing and analyzing scientific images.	Materials Mechanical Behavior		1.53s	url 66	url 204	ContactingProcess 14	Public domain		url 322	Fiji, ImageJ2	Java			
https://purls.helmholtz-metadaten.de/msekg/174515923317115	https://nfdi.fiz-karlsruhe.de/ontology/NFDI_0001046	ImageJ2	ImageJ2 is a new version of ImageJ for multidimensional image data, with a focus on scientific imaging. It includes some additional features not available in the original ImageJ.	Materials Thermodynamics		2.5.0	url 67	url 204	ContactingProcess 15	BSD-2		url 322	Fiji, ImageJ	Java, Perl, Shell			
https://purls.helmholtz-metadaten.de/msekg/174515923317116	https://nfdi.fiz-karlsruhe.de/ontology/NFDI_0001048	Vienna Ab initio Simulation Package	The Vienna Ab initio Simulation Package (VASP) is a computer program for atomic scale materials modelling, e.g. electronic structure calculations and quantum-mechanical molecular dynamics, from first principles.	Materials Microstructural	Density functional theory	6.X	url 68		ContactingProcess 16	Propietary academic license		url 323		Fortran			[1] G. Kresse and J. Hafner, Phys. Rev. B 47 , 558 (1993); ibid. 49 , 14 251 (1994). [2] G. Kresse and J. FurthmÃ¼ller, Comput. Mat. Sci. 6 , 15 (1996). [3] G. Kresse and J. FurthmÃ¼ller, Phys. Rev. B 54 , 11 169 (1996).
https://purls.helmholtz-metadaten.de/msekg/174515923317117	https://nfdi.fiz-karlsruhe.de/ontology/NFDI_0010040	CAmbridge Serial Total Energy Package	CASTEP is a full-featured materials modelling code based on a first-principles quantum mechanical description of electrons and nuclei. It uses the robust methods of a plane-wave basis set and psEuropedopotentials.	Artificial Intelligence	Density functional theory	21.1.1	url 69		ContactingProcess 17	Propietary academic license		url 324					First principles methods using CASTEP&quot;, Zeitschrift fuer Kristallographie 220(5-6) pp. 567-570 (2005) S. J. Clark, M. D. Segall, C. J. Pickard, P. J. Hasnip, M. J. Probert, K. Refson, M. C. Payne
https://purls.helmholtz-metadaten.de/msekg/174515923317118	https://nfdi.fiz-karlsruhe.de/ontology/NFDI_0000140	Carr Parrinello Molecular Dynamics	The CPMD code is a parallelized plane wave / psEuropedopotential implementation of Density Functional Theory, particularly designed for ab-initio molecular dynamics.	Materials Characterization	Density functional theory		url 70		ContactingProcess 18	CPMD Free License for NPOs	Linux	url 325		Fortran			https://www.cpmd.org/wordpress/index.php/the-code/references/general-bibliographical-references/
https://purls.helmholtz-metadaten.de/msekg/174515923317119	https://nfdi.fiz-karlsruhe.de/ontology/NFDI_0010040	ABINIT	ABINIT is a software suite to calculate the optical, mechanical, vibrational, and other observable properties of materials. Starting from the quantum equations of density functional theory, you can build up to advanced applications with perturbation theories based on DFT, and many-body Green's functions (GW and DMFT)	Materials Surface Science	Density functional theory	9.6	url 71	url 205	ContactingProcess 19	GNU General Public License		url 326		Fortran, python			The Abinit Project collabration: Impact, environment and recent developments Comput. Phys. Commun. 248, 107042 (2020) URL: https://doi.org/10.1016/j.cpc.2019.107042; ABINIT: Overview, and focus on selected capabilities J. Chem. Phys. 152, 124102 (2020)
https://purls.helmholtz-metadaten.de/msekg/174515923317120	https://nfdi.fiz-karlsruhe.de/ontology/NFDI_0010039	BigDFT	A fast, precise, and flexible DFT code for ab-initio atomistic simulation	Materials Mechanical Behavior	Density functional theory	1.8.3	url 72	url 206	ContactingProcess 20	GNU General Public License			Nextmol, Aiida				DFTK: A Julian approach for simulating electrons in solids
https://purls.helmholtz-metadaten.de/msekg/174515923317121	https://nfdi.fiz-karlsruhe.de/ontology/NFDI_0010039	Quantum Espresso	Quantum ESPRESSO Is an integrated suite of Open-Source computer codes for electronic-structure calculations and materials modeling at the nanoscale. It is based on density-functional theory, plane waves, and psEuropedopotentials.	MaterialsDeformation Processes	Density functional theory	7.1	url 73	url 207	ContactingProcess 21	GNU General Public License	Linux,Mac OS X	url 327					P. Giannozzi, S. Baroni, N. Bonini, M. Calandra, R. Car, C. Cavazzoni, D. Ceresoli, G. L. Chiarotti, M. Cococcioni, I. Dabo, A. Dal Corso, S. Fabris, G. Fratesi, S. de Gironcoli, R. Gebauer, U. Gerstmann, C. Gougoussis, A. Kokalj, M. Lazzeri, L. Martin-Samos, N. Marzari, F. Mauri, R. Mazzarello, S. Paolini, A. Pasquarello, L. Paulatto, C. Sbraccia, S. Scandolo, G. Sclauzero, A. P. Seitsonen, A. Smogunov, P. Umari, R. M. Wentzcovitch, J.Phys.: Condens.Matter 21, 395502 (2009) and P. Giannozzi, O. AndrEuropessi, T. Brumme, O. Bunau, M. Buongiorno Nardelli, M. Calandra, R. Car, C. Cavazzoni, D. Ceresoli, M. Cococcioni, N. Colonna, I. Carnimeo, A. Dal Corso, S. de Gironcoli, P. Delugas, R. A. DiStasio Jr, A. Ferretti, A. Floris, G. Fratesi, G. Fugallo, R. Gebauer, U. Gerstmann, F. Giustino, T. Gorni, J Jia, M. Kawamura, H.-Y. Ko, A. Kokalj, E. Küçükbenli, M .Lazzeri, M. Marsili, N. Marzari, F. Mauri, N. L. Nguyen, H.-V. Nguyen, A. Otero-de-la-Roza, L. Paulatto, S. Poncé, D. Rocca, R. Sabatini, B. Santra, M. Schlipf, A. P. Seitsonen, A. Smogunov, I. Timrov, T. Thonhauser, P. Umari, N. Vast, X. Wu, S. Baroni, J.Phys.: Condens.Matter 29, 465901 (2017)
https://purls.helmholtz-metadaten.de/msekg/174515923317122	https://nfdi.fiz-karlsruhe.de/ontology/NFDI_0000140	Parallel total energy	It is a parallel plane wave psEuropedopotential program for atomistic total energy calculation based on density functional theory. It is designed for large system simulations to be run on large parallel computers like IBM SP machines at NERSC, and linux cluster machines.	Materials Surface Science	Density functional theory	3	url 74		ContactingProcess 22	LBNL BSD							
https://purls.helmholtz-metadaten.de/msekg/174515923317123	https://nfdi.fiz-karlsruhe.de/ontology/NFDI_0010041	JDTFx	JDFTx is a plane-wave density-functional theory (DFT) code designed to be as easy to develop with as it is easy to use.	Data Science	Density functional theory	1.7.0	url 75	url 208	ContactingProcess 23	GNU General Public License		url 328					R. Sundararaman, K. Letchworth-Weaver, K.A. Schwarz, D. Gunceler, Y. Ozhabes and T.A. Arias, 'JDFTx: software for joint density-functional theory', SoftwareX 6, 278 (2017)
https://purls.helmholtz-metadaten.de/msekg/174515923317124	https://nfdi.fiz-karlsruhe.de/ontology/NFDI_0001046	PARSEC	PARSEC is a computer code that solves the Kohn-Sham equations by expressing electron wave-functions directly in real space, without the use of explicit basis sets. It uses norm-conserving psEuropedopotentials (Troullier-Martins and other varieties). It is designed for ab initio quantum-mechanical calculations of the electronic structure of matter, within density-functional theory.	MaterialsDeformation Processes	Density functional theory	1.4	url 76	url 209	ContactingProcess 24	GNU General Public License							J. R. Chelikowsky, N. Troullier, and Y. Saad, Finite-difference psEuropedo potential method: Electronic structure calculations without a basis, Phys. Rev. Lett. 72, 1240 (1994). J. R. Chelikowsky, The psEuropedopotential-density functional method applied to nanostructures, J. of Phys. D 33, R33 (2000). L. Kronik, A. Makmal, M.L. Tiago, M.M.G. Alemany, M. Jain, X. Huang, Y. Saad, and J.R. Chelikowsky, PARSEC-the psEuropedopotential algorithm for real-space electronic structure calculations: Recent Advances and novel applications to nano-structures, physica status solidi (b) 243, 1063 (2006). Y. Saad, J.R. Chelikowsky and S.M. Shontz, Numerical methods for electronic structure calculations of materials, SIAM Rev. 52, 3 (2010).
https://purls.helmholtz-metadaten.de/msekg/174515923317125	https://nfdi.fiz-karlsruhe.de/ontology/NFDI_0001045	CP2K	CP2K is a quantum chemistry and solid state physics software package that can perform atomistic simulations of solid state, liquid, molecular, periodic, material, crystal, and biological systems. CP2K provides a general framework for different modeling methods such as DFT using the mixed Gaussian and plane waves approaches GPW and GAPW. Supported theory levels include DFTB, LDA, GGA, MP2, RPA, semi-empirical methods (AM1, PM3, PM6, RM1, MNDO, …), and classical force fields (AMBER, CHARMM, …). CP2K can do simulations of molecular dynamics, metadynamics, Monte Carlo, Ehrenfest dynamics, vibrational analysis, core level spectroscopy, energy minimization, and transition state optimization using NEB or dimer method.	Materials Processing	Density functional theory, tight-binding, QM/MM, molecular dynamics, metadynamics, Monte Carlo, nudged elastic band, atomistic simulations	9.1	url 77	url 210	ContactingProcess 25	GNU General Public License		url 329		Fortran, python			
https://purls.helmholtz-metadaten.de/msekg/174515923317126	https://nfdi.fiz-karlsruhe.de/ontology/NFDI_0001049	GPAW	GPAW is a density-functional theory (DFT) Python code based on the Project collabrationor-augmented wave (PAW) method and the atomic simulation environment (ASE).	Materials Surface Science	Density functional theory	22.1	url 78	url 211	ContactingProcess 26	GNU General Public License		url 330	ASE	python			J. J. Mortensen, L. B. Hansen, and K. W. Jacobsen Real-space grid implementation of the Project collabrationor augmented wave method Phys. Rev. B 71, 035109 (2005) J. Enkovaara, C. Rostgaard, J. J. Mortensen et al. Electronic structure calculations with GPAW: a real-space implementation of the Project collabrationor augmented-wave method J. Phys.: Condens. Matter 22, 253202 (2010)
https://purls.helmholtz-metadaten.de/msekg/174515923317127	https://nfdi.fiz-karlsruhe.de/ontology/NFDI_0001045	S/PHI/nX	S/PHI/nX is a C++ library for materials simulation, mostly electronic-structure theory. It also is a program (sphinx) to perform such simulations using density-functional theory, and k.p theory. In addition, the package offers dozens of specialized programs (add-ons) for smaller tasks related to setup, analysis, post-processing, and other types of simulations.	Computational Materials Science	Density functional theory	3.0.9	url 79	url 212	ContactingProcess 27	Apache license						Max Planck Institute for Iron Research	
https://purls.helmholtz-metadaten.de/msekg/174515923317128	https://nfdi.fiz-karlsruhe.de/ontology/NFDI_0010041	Qbox First-Principles Molecular Dynamics	Qbox is a C++/MPI scalable parallel implementation of first-principles molecular dynamics (FPMD) based on the plane-wave, psEuropedopotential formalism. Qbox is designed for operation on large parallel computers.	Materials Processing	Density functional theory	1.74.4	url 80	url 213	ContactingProcess 28	GNU General Public License		url 331		C++			
https://purls.helmholtz-metadaten.de/msekg/174515923317129	https://nfdi.fiz-karlsruhe.de/ontology/NFDI_0010040	DFTK.jl	The density-functional toolkit, DFTK for short, is a library of Julia routines for playing with plane-wave density-functional theory (DFT) algorithms. In its basic formulation it solves periodic Kohn-Sham equations. The unique feature of the code is its emphasis on simplicity and flexibility with the goal of facilitating methodological development and interdisciplinary collaboration.	Software Engineering	Density functional theory	0.5	url 81	url 214	ContactingProcess 29	MIT		url 81		Julia			DFTK: A Julian approach for simulating electrons in solids
https://purls.helmholtz-metadaten.de/msekg/174515923317130	https://nfdi.fiz-karlsruhe.de/ontology/NFDI_0010040	density of Montréal	deMon (density of Montréal) is a software package for density functional theory (DFT) calculations. It uses the linear combination of Gaussian-type orbital (LCGTO) approach for the self-consistent solution of the Kohn-Sham (KS) DFT equations. The calculation of the four-center electron repulsion integrals is avoided by introducing an auxiliary function basis for the variational fitting of the Coulomb potential.	Materials Design	Density functional theory	5	url 82		ContactingProcess 30								
https://purls.helmholtz-metadaten.de/msekg/174515923317131	https://nfdi.fiz-karlsruhe.de/ontology/NFDI_0010041	SIESTA	SIESTA is both a method and its computer program implementation, to perform efficient electronic structure calculations and ab initio molecular dynamics simulations of molecules and solids. SIESTA's efficiency stems from the use of a basis set of strictly-localized atomic orbitals. A very important feature of the code is that its accuracy and cost can be tuned in a wide range, from quick exploratory calculations to highly accurate simulations matching the quality of other approaches, such as plane-wave methods.	Data Science	Density functional theory	4	url 83	url 215	ContactingProcess 31	GNU General Public License		url 333					The SIESTA method for ab initio order-N materials simulation
https://purls.helmholtz-metadaten.de/msekg/174515923317132	https://nfdi.fiz-karlsruhe.de/ontology/NFDI_0000222	CRYSTAL	The CRYSTAL package performs ab initio calculations of the ground state energy, energy gradient, electronic wave function and properties of periodic systems. Hartree-Fock or KohnSham Hamiltonians (that adopt an Exchange-Correlation potential following the postulates of Density-Functional Theory) can be used.	Materials Thermodynamics	Density functional theory	1.0.2	url 84		ContactingProcess 32	Academic and commercial license	Unix,Linux,Mac OS X,Windows						Quantum-mechanical condensed matter simulations with CRYSTAL
https://purls.helmholtz-metadaten.de/msekg/174515923317133	https://nfdi.fiz-karlsruhe.de/ontology/NFDI_0001045	FHI-AIMS	FHI-aims is an all-electron electronic structure code based on numeric atom-centered orbitals. It enables first-principles simulations with very high numerical accuracy for production calculations, with excellent scalability up to very large system sizes (thousands of atoms) and up to very large, massively parallel supercomputers (ten thousand CPU cores).	Materials Thermodynamics	Density functional theory		url 85		ContactingProcess 33	Academic and commercial license							
https://purls.helmholtz-metadaten.de/msekg/174515923317134	https://nfdi.fiz-karlsruhe.de/ontology/NFDI_0001044	FPLO	The FPLO® package is a full-potential local-orbital code to solve the Kohn-Sham equations on a regular lattice or with free boundary conditions (finite systems). Relativistic effects are treated either in a scalar-relativistic or a full 4-component formalism. Available functionals are LSDA, GGA (PBE 96) and LSDA/GGA+U.	Data Driven Material Science	Density functional theory	22	url 86		ContactingProcess 34	https://www.fplo.de/wp-content/uploads/lic21.pdf							[1] K. Koepernik and H. Eschrig, Phys. Rev. B 59, 1743 (1999). [2] I. Opahle, K. Koepernik, and H. Eschrig, Phys. Rev. B 60, 14035 (1999). [3] H. Eschrig, M. Richter, I. Opahle, Relativistic Solid State Calculations, in: Relativistic Electronic Structure Theory, Part 2. Applications (P. Schwerdtfeger, ed.), Theoretical and Computational Chemistry, vol.13, Elsevier, 2004, pp.723–776. [4] H. Eschrig, K. Koepernik, and I. Chaplygin, J. Solid State Chemistry 176, 482 (2003). [5] Helmut. Eschrig: The Fundamentals of Density Functional Theory, 2nd Edition, Edition am Gutenbergplatz, Leipzig, 2003. [6] K. Lejaeghere et al., Science 351, 1415-U81 (2016).
https://purls.helmholtz-metadaten.de/msekg/174515923317135	https://nfdi.fiz-karlsruhe.de/ontology/NFDI_0001046	Open source package for Material eXplorer	OpenMX (Open source package for Material eXplorer) is a software package for nano-scale material simulations based on density functional theories (DFT), norm-conserving psEuropedopotentials, and psEuropedo-atomic localized basis functions . The methods and algorithms used in OpenMX and their implementation are carefully designed for the realization of large-scale ab initio electronic structure calculations on parallel computers based on the MPI or MPI/OpenMP hybrid parallelism.	Materials Mechanical Behavior	Density functional theory	3.9.9	url 87		ContactingProcess 35	GNU General Public License v3		url 334					
https://purls.helmholtz-metadaten.de/msekg/174515923317136	https://nfdi.fiz-karlsruhe.de/ontology/NFDI_0010041	Elk	An all-electron full-potential linearised augmented-plane wave (LAPW) code with many advanced features. Written originally at Karl-Franzens-Universität Graz as a milestone of the EXCITING Europe Research and Training Service Network, the code is designed to be as simple as possible so that new developments in the field of density functional theory (DFT) can be added quickly and reliably.	Materials Processing	Density functional theory	8.5.2	url 88		ContactingProcess 36	GNU General Public License		url 335					
https://purls.helmholtz-metadaten.de/msekg/174515923317137	https://nfdi.fiz-karlsruhe.de/ontology/NFDI_0001044	exciting	exciting is a full-potential all-electron density-functional-theory package implementing the families of linearized augmented planewave methods. It can be applied to all kinds of materials, irrespective of the atomic species involved, and also allows for exploring the physics of core electrons. A particular focus are excited states within many-body perturbation theory.	Theoretical Computer Science	Density functional theory	oxygen	url 89	url 216	ContactingProcess 37	GNU Lesser General Public License	Linux/Unix	url 336			NOMAD	Humboldt-Universität zu Berlin	
https://purls.helmholtz-metadaten.de/msekg/174515923317138	https://nfdi.fiz-karlsruhe.de/ontology/NFDI_0001046	FLEuropeR	FLEuropeR is a feature-full, freely available FLAPW (full-potential linearized augmented planewave) code, based on density-functional theory.	MaterialsDeformation Processes	Density functional theory	MaX-6.0	url 90	url 217	ContactingProcess 38	MIT		url 337		Fortran, C, python			
https://purls.helmholtz-metadaten.de/msekg/174515923317139	https://nfdi.fiz-karlsruhe.de/ontology/NFDI_0000218	WIEN2k	The program package WIEN2k allows to perform electronic structure calculations of solids using density functional theory (DFT). It is based on the full-potential (linearized) augmented plane-wave ((L)APW) + local orbitals (lo) method, one among the most accurate schemes for band structure calculations. WIEN2k is an all-electron scheme including relativistic effects and has many features.	Computational Materials Science	Density functional theory	21.1	url 91		ContactingProcess 39	Academic and commercial license		url 338			NOMAD		
https://purls.helmholtz-metadaten.de/msekg/174515923317140	https://nfdi.fiz-karlsruhe.de/ontology/NFDI_0001049	Large-scale Atomic/Molecular Massively Parallel Simulator	classical molecular dynamics code with a focus on materials modeling	Materials Microstructural	molecular dynamics, atomistic simulations	44735	url 92	url 218	ContactingProcess 40	GNU General Public License v2		url 339		C++,Fortran			Quantum-mechanical condensed matter simulations with CRYSTAL
https://purls.helmholtz-metadaten.de/msekg/174515923317141	https://nfdi.fiz-karlsruhe.de/ontology/NFDI_0001045	The ITAP Molecular Dynamics Program	IMD is a software package for classical molecular dynamics simulations. Several types of interactions are supported, such as central pair potentials, EAM potentials for metals, Stillinger-Weber and Tersoff potentials for covalent systems, and Gay-Berne potentials for liquid crystals.	Theoretical Computer Science	molecular dynamics, atomistic simulations		url 93	url 219	ContactingProcess 41	GNU General Public License v3		url 340		C, C++	SFB 716		J. Roth, F. Gähler, and H.-R. Trebin, A molecular dynamics run with 5.180.116.000 particles, Int. J. Mod. Phys. C 11, 317-22 (2000). PDF-File (184k)  J. Stadler, R. Mikulla, and H.-R. Trebin, IMD: A Software Package for Molecular Dynamics Studies on Parallel Computers, Int. J. Mod. Phys. C 8, 1131-1140 (1997). gzipped PostScript (690k)  PDF-File (325k)  J. Roth IMD: A Typical Massively Parallel Molecular Dynamics Code for Classical Simulations - Structure, Applications, Latest Developments Sustained Simulation Performance 2013, eds. M. M. Resch, W. Bez, E. Forcht, H. Kobayashi, Y. Kovalenko, Springer, Heidelberg 2013, pp. 63-76.
https://purls.helmholtz-metadaten.de/msekg/174515923317142	https://nfdi.fiz-karlsruhe.de/ontology/NFDI_0010041	GROMACS	molecular dynamics with a focus on simulations of proteins, lipids, and nucleic acids	Materials Characterization	molecular dynamics, atomistic simulations	2022	url 94	url 220	ContactingProcess 42	GNU Lesser General Public License		url 341					* GROMACS: A message-passing parallel molecular dynamics implementation   H.J.C. Berendsen, D. van der Spoel and R. van Drunen   Comp. Phys. Comm. 91, 43-56 (1995)   DOI: https://doi.org/10.1016/0010-4655(95)00042-E   * GROMACS 4: Algorithms for highly efficient, load-balanced, and scalable   molecular simulation   B. Hess and C. Kutzner and D. van der Spoel and E. Lindahl   J. Chem. Theory Comput. 4 (2008) pp. 435-447   DOI: https://doi.org/10.1021/ct700301q  * GROMACS 4.5: a high-throughput and highly parallel open source   molecular simulation toolkit   Sander Pronk, Szilárd Páll, Roland Schulz, Per Larsson, Pär Bjelkmar,   Rossen Apostolov, Michael R. Shirts, Jeremy C. Smith, Peter M. Kasson,   David van der Spoel, Berk Hess, Erik Lindahl.   Bioinformatics 29 (2013) pp. 845-54   DOI: https://doi.org/10.1093/bioinformatics/btt055  * Tackling Exascale Software Challenges in Molecular Dynamics Simulations   with GROMACS   Szilárd Páll, Mark J. Abraham, Carsten Kutzner, Berk Hess, Erik Lindahl   In S. Markidis & E. Laure (Eds.), Solving Software Challenges for Exascale,   Lecture Notes for Computer Science, 8759 (2015) pp. 3–27   DOI: https://doi.org/10.1007/978-3-319-15976-8_1  * GROMACS: High performance molecular simulations through multi-level parallelism from laptops to supercomputers   M. J. Abraham, T. Murtola, R. Schulz, S. Páll, J. C. Smith, B. Hess, E. Lindahl,   SoftwareX, 1, (2015), 19-25   DOI: https://doi.org/10.1016/j.softx.2015.06.001
https://purls.helmholtz-metadaten.de/msekg/174515923317143	https://nfdi.fiz-karlsruhe.de/ontology/NFDI_0001045	MD++	MD++ is a molecular dynamics simulation package written in C++.	Materials Surface Science	molecular dynamics, atomistic simulations		url 95		ContactingProcess 43					C++			
https://purls.helmholtz-metadaten.de/msekg/174515923317144	https://nfdi.fiz-karlsruhe.de/ontology/NFDI_0010041	Thermo-Calc	Thermo-Calc, is used by materials scientists and engineers to generate material properties data, gain insights about materials, understand a specific observation, and answer direct questions related to a specific material and/or its processing. Used in conjunction with suitable Database Softwares, Thermo-Calc can be used for a wide variety of applications.	Artificial Intelligence		2022b	url 96		ContactingProcess 44	Propietary commercial license							
https://purls.helmholtz-metadaten.de/msekg/174515923317145	https://nfdi.fiz-karlsruhe.de/ontology/NFDI_0001046	OpenPhase	OpenPhase Studio is a powerful microstructure simulation suite made for metallic materials, ceramics and minerals. Using multi-physics models embedded in the phase-field method, materials processes such as solidification, heat treatment, mechanical testing and many more can be simulated.	Cybersecurity	Phase-field		url 97		ContactingProcess 45	Propietary commercial license				C++		Interdisciplinary Centre for Advanced Materials Simulation	
https://purls.helmholtz-metadaten.de/msekg/174515923317146	https://nfdi.fiz-karlsruhe.de/ontology/NFDI_0001049	Multiphysics Object Oriented Simulation Environment	The Multiphysics Object-Oriented Simulation Environment (MOOSE) is a finite-element, multiphysics framework primarily developed by Idaho National Laboratory.	Materials Mechanical Behavior	Finite Element Method		url 98	url 221	ContactingProcess 46	GNU Lesser General Public License v2.1				C++, python			
https://purls.helmholtz-metadaten.de/msekg/174515923317147	https://nfdi.fiz-karlsruhe.de/ontology/NFDI_0000140	Abaqus	The Abaqus Unified FEA product suite offers powerful and complete solutions for both routine and sophisticated engineering problems covering a vast spectrum of industrial applications.	Data Science	Finite Element Method	2022	url 99		ContactingProcess 47	Propietary commercial license	Linux,Windows						
https://purls.helmholtz-metadaten.de/msekg/174515923317148	https://nfdi.fiz-karlsruhe.de/ontology/NFDI_0010040	FeniCS Project collabration	FEniCSx is a popular open-source computing platform for solving partial differential equations (PDEs). FEniCSx enables users to quickly translate scientific models into efficient finite element code.	Materials Design	Finite Element Method	0.4	url 100	url 222	ContactingProcess 48	GNU General Public License v3	Linux,Windows,Mac OS X	url 342		C++, python			
https://purls.helmholtz-metadaten.de/msekg/174515923317149	https://nfdi.fiz-karlsruhe.de/ontology/NFDI_0000121	Dusseldorf Advanced Material Simulation Kit	DAMASK is a unified multi-physics crystal plasticity simulation package. The solution of continuum mechanical boundary value problems requires a constitutive response that connects deformation and stress at each material point. This problem is solved in DAMASK on the basis of crystal plasticity using a variety of constitutive models and homogenization approaches. However, treating mechanics in isolation is no longer sufficient to study emergent advanced high-strength materials. In these materials, deformation happens interrelated with displacive phase transformation, significant heating, and potential damage evolution. Therefore, DAMASK is capable of handling multi-physics problems. Following a modular approach, additional field equations are solved in a fully coupled way using a staggered approach.	Data Science	crystal plasticity	3	url 101	url 223	ContactingProcess 49	GNU Affero General Public License		url 343		Fortran, python		Max Planck Institute for Iron Research	DAMASK – The Düsseldorf Advanced Material Simulation Kit for modeling multi-physics crystal plasticity, thermal, and damage phenomena from the single crystal up to the component scale
https://purls.helmholtz-metadaten.de/msekg/174515923317150	https://nfdi.fiz-karlsruhe.de/ontology/NFDI_0010041	Pyiron	pyiron is an integrated development environment for implementing, testing, and running simulations in computational materials science.	Materials Characterization		0.4.6	url 102	url 224	ContactingProcess 50	BSD-3		url 344		python			pyiron: An integrated development environment for computational materials science
https://purls.helmholtz-metadaten.de/msekg/174515923317151	https://nfdi.fiz-karlsruhe.de/ontology/NFDI_0010041	Automated interactive infrastructure and Database Software for computational science	workflow manager for computational science with a strong focus on provenance, performance and extensibility.	Software Engineering		2	url 103	url 225	ContactingProcess 51	MIT		url 345		python			https://doi.org/10.1038/s41597-020-00638-4 https://doi.org/10.1016/j.commatsci.2020.110086 http://dx.doi.org/10.1016/j.commatsci.2015.09.013
https://purls.helmholtz-metadaten.de/msekg/174515923317152	https://nfdi.fiz-karlsruhe.de/ontology/NFDI_0010041	SimStack	workflow environment	Theoretical Computer Science			url 104		ContactingProcess 52	Commercial license	Linux,Windows	url 346					
https://purls.helmholtz-metadaten.de/msekg/174515923317153	https://nfdi.fiz-karlsruhe.de/ontology/NFDI_0001049	Atomic Simulation Environment	set of tools and Python modules for setting up, manipulating, running, visualizing and analyzing atomistic simulations	Materials Characterization	atomistic simulations	3.22.1	url 105	url 226	ContactingProcess 53	GNU Lesser General Public License v2	Linux,Mac OS X	url 347		python			
https://purls.helmholtz-metadaten.de/msekg/174515923317154	https://nfdi.fiz-karlsruhe.de/ontology/NFDI_0000218	OVITO basic	visualization and analysis for data generated in MD, atomistic Monte-Carlo and other particle-based simulations	MaterialsDeformation Processes		3.7.7	url 106		ContactingProcess 54	MIT/GPL	Linux,Windows,Mac OS X	url 348					
https://purls.helmholtz-metadaten.de/msekg/174515923317155	https://nfdi.fiz-karlsruhe.de/ontology/NFDI_0001049	Jmol	open-source Java viewer for chemical structures in 3D with features for chemicals, crystals, materials and biomolecules	Materials Mechanical Behavior		14	url 107		ContactingProcess 55	GNU Lesser General Public License		url 349					
https://purls.helmholtz-metadaten.de/msekg/174515923317156	https://nfdi.fiz-karlsruhe.de/ontology/NFDI_0000218	Visualization for electronic and structural analysis	3D visualization program for structural models, volumetric data such as electron/nuclear densities, and crystal morphologies	Materials Surface Science		3	url 108		ContactingProcess 56	Distribution specific, VESTA license, free for non-commercial users	Linux,Windows,Mac OS X	url 350					
https://purls.helmholtz-metadaten.de/msekg/174515923317157	https://nfdi.fiz-karlsruhe.de/ontology/NFDI_0001048	X-window crystalline structures and densities	crystalline and molecular structure visualisation program aiming at display of isosurfaces and contours	Software Engineering		1.6.2	url 109		ContactingProcess 57	GNU General Public License	GNU/Linux	url 351					
https://purls.helmholtz-metadaten.de/msekg/17451592331721	https://nfdi.fiz-karlsruhe.de/ontology/NFDI_0001049	Visual Molecular Dynamics	molecular modelling and visualization computer program	Data Science		1.9.4	url 110		ContactingProcess 58	Distribution specific, VMD Software License Agreement	Linux,Windows,Mac OS X	url 352					
https://purls.helmholtz-metadaten.de/msekg/17451592331722	https://nfdi.fiz-karlsruhe.de/ontology/NFDI_0010041	py4vasp	Python interface to extract data from VASP calculations	Materials Thermodynamics		0.4	url 111	url 227	ContactingProcess 59	GNU General Public License v2	Linux,Windows,Mac OS X			C++, python			
https://purls.helmholtz-metadaten.de/msekg/17451592331723	https://nfdi.fiz-karlsruhe.de/ontology/NFDI_0000121	phonopy	open source package for phonon calculations at harmonic and quasi-harmonic levels	Materials Thermodynamics		2.15.0	url 112	url 228	ContactingProcess 60	BSD-3		url 353		python, C			
https://purls.helmholtz-metadaten.de/msekg/17451592331724	https://nfdi.fiz-karlsruhe.de/ontology/NFDI_0001048	Soprano	Python library for common tasks in computational NMR crystallography and simulations to generate, manipulate, run calculations on and analyse large data sets of crystal structures, with a particular attention to the output of ab-initio random structure searching	Materials Thermodynamics			url 113	url 229	ContactingProcess 61	GNU Lesser General Public License v3				python			
https://purls.helmholtz-metadaten.de/msekg/17451592331725	https://nfdi.fiz-karlsruhe.de/ontology/NFDI_0001044	CASINO	Quantum Monte Carlo (QMC) electronic structure calculations	Materials Design		2.12	url 114		ContactingProcess 62	Academic license							
https://purls.helmholtz-metadaten.de/msekg/17451592331726	https://nfdi.fiz-karlsruhe.de/ontology/NFDI_0001048	Graphical Interface for Materials Simulations	browser-based toolbox for electronic structure codes and supports the generation of input files for first-principles electronic structure calculations and workflows, as well as the analysis and visualization of the resulting data extracted from the output files.	Materials Mechanical Behavior			url 115		ContactingProcess 63								
https://purls.helmholtz-metadaten.de/msekg/17451592331727	https://nfdi.fiz-karlsruhe.de/ontology/NFDI_0001048	FHI-vibes	python package for calculating, analyzing, and understanding the vibrational properties of solids from first principles. FHI-vibes is intended to seamlessly bridge between the harmonic approximation and fully anharmonic molecular dynamics simulations.	Materials Surface Science		1.0.3	url 116	url 230	ContactingProcess 64	MIT		url 354					
https://purls.helmholtz-metadaten.de/msekg/17451592331728	https://nfdi.fiz-karlsruhe.de/ontology/NFDI_0000121	CIF2Cell	tool to generate the geometrical setup for various electronic structure codes from a CIF (Crystallographic Information Framework) file	Data Science				url 231	ContactingProcess 65	GNU General Public License version 3.0 (GPLv3)				python			Torbjorn Bjorkman, "CIF2Cell: Generating geometries for electronic structure programs", Computer Physics Communications 182, 1183-1186 (2011) doi: 10.1016/j.cpc.2011.01.013
https://purls.helmholtz-metadaten.de/msekg/17451592331729	https://nfdi.fiz-karlsruhe.de/ontology/NFDI_0010041	Avogadro	molecule editor and visualizer designed for cross-platform use in computational chemistry, molecular modeling, bioinformatics, materials science, and related areas	Cybersecurity		1.95	url 117	url 232	ContactingProcess 66			url 355		C++			Avogadro: an advanced semantic chemical editor, visualization, and analysis platform
https://purls.helmholtz-metadaten.de/msekg/174515923317210	https://nfdi.fiz-karlsruhe.de/ontology/NFDI_0001048	AML	Python package to automatically build the reference set for the Training Service of NEuroperal Network Potentials (NNPs), and eventually other machine-learned potentials, in an automated, data-driven fashion.	Software Engineering				url 233	ContactingProcess 67	GNU General Public License version 3.0 (GPLv3)				python			C. Schran, F. L. Thiemann, P. Rowe, E. A. Müller, O. Marsalek, A. Michaelides, "Machine learning potentials for complex aqueous systems made simple", PNAS 118, e2110077118 (2021), 10.1073/pnas.2110077118 C. Schran, K. Brezina, O. Marsalek, "Committee nEuroperal network potentials control generalization errors and enable active learning", J. Chem. Phys. 153, 104105 (2020), 10.1063/5.0016004
https://purls.helmholtz-metadaten.de/msekg/174515923317211	https://nfdi.fiz-karlsruhe.de/ontology/NFDI_0001049	pycp2k	Python Cp2k interface	Materials Microstructural				url 234	ContactingProcess 68	GPL license version 3				python			
https://purls.helmholtz-metadaten.de/msekg/174515923317212	https://nfdi.fiz-karlsruhe.de/ontology/NFDI_0000121	Pyretis	Python library for rare event molecular simulations with emphasis on methods based on transition interface sampling and replica exchange transition interface sampling	MaterialsDeformation Processes		2.5.0	url 118	url 235	ContactingProcess 69	GNU Lesser General Public License v2.1+				python			https://doi.org/10.1002/jcc.24900 https://doi.org/10.1002/jcc.26112
https://purls.helmholtz-metadaten.de/msekg/174515923317213	https://nfdi.fiz-karlsruhe.de/ontology/NFDI_0001046	OpenPathSampling	Python library to facilitate path sampling algorithms.	Materials Design		1.5.3	url 119	url 236	ContactingProcess 70	MIT				python			David W.H. Swenson, Jan-Hendrik Prinz, Frank Noé, John D. Chodera, and Peter G. Bolhuis. “OpenPathSampling: A flexible, open framework for path sampling simulations. 1. Basics.” J. Chem. Theory Comput. 15, 813 (2019). https://doi.org/10.1021/acs.jctc.8b00626      David W.H. Swenson, Jan-Hendrik Prinz, Frank Noé, John D. Chodera, and Peter G. Bolhuis. “OpenPathSampling: A flexible, open framework for path sampling simulations. 2. Building and Customizing Path Ensembles and Sample Schemes.” J. Chem. Theory Comput. 15, 837 (2019). https://doi.org/10.1021/acs.jctc.8b00627
https://purls.helmholtz-metadaten.de/msekg/174515923317214	https://nfdi.fiz-karlsruhe.de/ontology/NFDI_0001045	SeeK-path	A module to obtain and visualize k-vector coefficients and obtain band paths in the Brillouin zone of crystal structures	Materials Thermodynamics			url 120	url 237	ContactingProcess 71	MIT				python			
https://purls.helmholtz-metadaten.de/msekg/174515923317215	https://nfdi.fiz-karlsruhe.de/ontology/NFDI_0000222	Python Materials Genomics	materials analysis code that defines core object representations for structures and molecules with support for many electronic structure codes. It is currently the core analysis code powering the Materials Project collabration.	MaterialsDeformation Processes		V2022.0	url 121	url 238	ContactingProcess 72	MIT		url 356		python			
https://purls.helmholtz-metadaten.de/msekg/174515923317216	https://nfdi.fiz-karlsruhe.de/ontology/NFDI_0010039	Qe-tools	A set of useful tools for Quantum ESPRESSO	Artificial Intelligence				url 239	ContactingProcess 73	MIT				python			
https://purls.helmholtz-metadaten.de/msekg/174515923317217	https://nfdi.fiz-karlsruhe.de/ontology/NFDI_0001044	TAMkin	post-processing toolkit for normal mode analysis, thermochemistry and reaction kinetics.	Materials Thermodynamics			url 122	url 240	ContactingProcess 74	GPL-3.0 license		url 357		python			Ghysels, A.; Verstraelen, T.; Hemelsoet, K.; Waroquier, M.; Van Speybroeck, V. J. Chem. Inf. Model. 2010, 50, 1736-1750.
https://purls.helmholtz-metadaten.de/msekg/174515923317218	https://nfdi.fiz-karlsruhe.de/ontology/NFDI_0010040	Pizza.py Toolkit	Pizza.py is a loosely integrated collection of tools, many of which provide pre- and post-processing capability for the LAMMPS molecular dynamics, ChemCell cell modeling, and SPPARKS kinetic Monte Carlo packages. There are tools to create input files, convert between file formats, process log and dump files, create plots, and visualize and animate simulation snapshots.	Software Engineering			url 123	url 241	ContactingProcess 75	GPL-2.0 license		url 358		python			
https://purls.helmholtz-metadaten.de/msekg/174515923317219	https://nfdi.fiz-karlsruhe.de/ontology/NFDI_0000218	MDTraj	Read, write and analyze MD trajectories with only a few lines of Python code.	MaterialsDeformation Processes			url 124		ContactingProcess 76								
https://purls.helmholtz-metadaten.de/msekg/174515923317220	https://nfdi.fiz-karlsruhe.de/ontology/NFDI_0001049	frEuroped	The frEuroped Python library provides a simple, flexible, powerful set of tools for analyzing trajectories obtained from molecular dynamics or Monte Carlo simulations.	Materials Mechanical Behavior		2.11.0		url 242	ContactingProcess 77			url 359		C++, python			
https://purls.helmholtz-metadaten.de/msekg/174515923317221	https://nfdi.fiz-karlsruhe.de/ontology/NFDI_0001046	NGLview	Jupyter widget to interactively view molecular structures and trajectories	Data Science		3.0.3	url 125	url 243	ContactingProcess 78	MIT				python			Hai Nguyen, David A Case, Alexander S Rose; NGLview - Interactive molecular graphics for Jupyter notebooks, Bioinformatics, , btx789, https://doi.org/10.1093/bioinformatics/btx789
https://purls.helmholtz-metadaten.de/msekg/174515923317222	https://nfdi.fiz-karlsruhe.de/ontology/NFDI_0001046	QuickFF	Python package developed at the Center for Molecular Modeling (CMM) to quickly derive accurate force fields from ab initio calculations.	Materials Processing		2.2.7	url 126	url 244	ContactingProcess 79	GPL license version 3				python			L. Vanduyfhuys, S. Vandenbrande, T. Verstraelen, R. Schmid, M. Waroquier, V. Van Speybroeck, J. Comput. Chem., 2015, 36, 13, 1015-1027 If you use version 2.x.x or higher, please also refer to the follow-up paper  L. Vanduyfhuys, S. Vandenbrande, J. Wieme, M. Waroquier, T. Verstraelen, V. Van Speybroeck, J. Comput. Chem., 2018, 39, 16, 999-1011
https://purls.helmholtz-metadaten.de/msekg/174515923317223	https://nfdi.fiz-karlsruhe.de/ontology/NFDI_0001045	PyLammpsMPI	Parallel Lammps Python interface	Materials Thermodynamics				url 245	ContactingProcess 80	BSD-3				python			
https://purls.helmholtz-metadaten.de/msekg/174515923317224	https://nfdi.fiz-karlsruhe.de/ontology/NFDI_0010040	Yet another force field	pythonic force-field (FF) code used at the Center for Molecular Modeling (CMM) to test-drive new FF models	Materials Processing		1.6.0	url 127	url 246	ContactingProcess 81	GPL license version 3		url 360		python, C			
https://purls.helmholtz-metadaten.de/msekg/174515923317225	https://nfdi.fiz-karlsruhe.de/ontology/NFDI_0001044	Cluster Expansion in Atomic Simulation Environment	package that automates the cumbersome setup and construction procedure of cluster expansion (CE). It provides a comprehensive list of tools for specifying parameters for CE, generating Training Service structures, fitting effective cluster interaction (ECI) values and running Monte Carlo simulations.	Materials Thermodynamics		0.10.9	url 128	url 247	ContactingProcess 82	Mozilla Public License Version 2.0		url 361					J. Chang, D. Kleiven, M. Melander, J. Akola, J. M. Garcia-Lastra and T. Vegge CLEASE: A versatile and user-friendly implementation of Cluster Expansion method Journal of Physics: Condensed Matter
https://purls.helmholtz-metadaten.de/msekg/174515923317226	https://nfdi.fiz-karlsruhe.de/ontology/NFDI_0010039	icet	icet is a python tool for the construction and sampling of alloy cluster expansions.	Data Science		2.1		url 248	ContactingProcess 83	Mozilla Public License Version 2.0				python			M. Ångqvist, W. A. Muñoz, J. M. Rahm, E. Fransson, C. Durniak, P. Rozyczko, T. H. Rod, and P. Erhart ICET – A Python Library for Constructing and Sampling Alloy Cluster Expansions Adv. Theory. Sim., 1900015 (2019) doi: 10.1002/adts.201900015
https://purls.helmholtz-metadaten.de/msekg/174515923317227	https://nfdi.fiz-karlsruhe.de/ontology/NFDI_0010040	DynaPhoPy	Dynaphopy allows to calculate anharmonic phonon linewidhts and frequency shifts using the mode descomposition technique.	Software Engineering				url 249	ContactingProcess 84	MIT				python			A. Carreras, A. Togo, I. Tanaka, DynaPhoPy: A code for extracting phonon quasiparticles from molecular dynamics simulations, Computer Physics Communications (2017).
https://purls.helmholtz-metadaten.de/msekg/174515923317228	https://nfdi.fiz-karlsruhe.de/ontology/NFDI_0000218	Extensible Self-optimizing Phase Equilibria Infrastructure	tool for creating CALPHAD Database Softwares and evaluating the uncertainty of CALPHAD models.	Materials Thermodynamics		0.8.9		url 250	ContactingProcess 85	MIT				python			ESPEI for efficient thermodynamic database development, modification, and uncertainty quantification: application to Cu–Mg
https://purls.helmholtz-metadaten.de/msekg/174515923317229	https://nfdi.fiz-karlsruhe.de/ontology/NFDI_0000218	pycalphad	Python library for computational thermodynamics using the CALPHAD method.	Theoretical Computer Science		0.10.1	url 129	url 251	ContactingProcess 86	MIT				python, cython			Otis, R. & Liu, Z.-K., (2017). pycalphad: CALPHAD-based Computational Thermodynamics in Python. Journal of Open Research Software. 5(1), p.1. DOI: http://doi.org/10.5334/jors.140
https://purls.helmholtz-metadaten.de/msekg/174515923317230	https://nfdi.fiz-karlsruhe.de/ontology/NFDI_0001044	pymatnest	the pymatnest package is a software library for carrying out nested sampling calculations. It can be used to explore the energy landscape of different materials (both clusters and bulk materials), calculate thermodynamic variables at arbitrary temperatures, locate phase transitions and calculate the phase diagram.	Theoretical Computer Science				url 252	ContactingProcess 87	GPL license version 3				python, Fortran			L.B. Partay, A.P. Bartok, G. Csanyi, Efficient Sampling of Atomic Configurational Spaces, J. Phys. Chem. B (2010), 114, 10502–10512, http://pubs.acs.org/doi/abs/10.1021/jp1012973  R.J.N. Baldock, L.B. Partay, A.P. Bartok, M.C. Payne, G. Csanyi, Determining pressure-temperature phase diagrams of materials, Phys. Rev. B (2016), 93, 174108, http://journals.aps.org/prb/abstract/10.1103/PhysRevB.93.174108  R.J.N. Baldock, N. Bernstein, K. M. Salerno, L.B. Partay, G. Csanyi, Constant-pressure nested sampling with atomistic dynamics, Phys. Rev. E (2017), 96, 043311, http://link.aps.org/doi/10.1103/PhysRevE.96.043311
https://purls.helmholtz-metadaten.de/msekg/174515923317231	https://nfdi.fiz-karlsruhe.de/ontology/NFDI_0000222	KIM-based Learning-Integrated Fitting Framework	KLIFF is an interatomic potential fitting package that can be used to fit both physics-motivated potentials (e.g. the Stillinger-Weber potential) and machine learning potentials (e.g. nEuroperal network potential).	Theoretical Computer Science		0.4.0		url 253	ContactingProcess 88	LGPL-2.1 license		url 362		python, C++			KLIFF: A framework to develop physics-based and machine learning interatomic potentials
https://purls.helmholtz-metadaten.de/msekg/174515923317232	https://nfdi.fiz-karlsruhe.de/ontology/NFDI_0000218	n2p2	high-dimensional nEuroperal network potentials in computational physics and chemistry	Materials Surface Science		2.2.0	url 130	url 254	ContactingProcess 89	GNU General Public License v3				C++, python			Singraber, A.; Behler, J.; Dellago, C. Library-Based LAMMPS Implementation of High-Dimensional NEuroperal Network Potentials. J. Chem. Theory Comput. 2019, 15 (3), 1827–1840. https://doi.org/10.1021/acs.jctc.8b00770
https://purls.helmholtz-metadaten.de/msekg/174515923317233	https://nfdi.fiz-karlsruhe.de/ontology/NFDI_0000222	FitSNAP	A Python Package For Training Service SNAP Interatomic Potentials for use in the LAMMPS molecular dynamics package	Materials Mechanical Behavior			url 131	url 255	ContactingProcess 90	GNU General Public License v2				python, cython			
https://purls.helmholtz-metadaten.de/msekg/174515923317234	https://nfdi.fiz-karlsruhe.de/ontology/NFDI_0010041	matminer	Python library for data mining the properties of materials.	Materials Microstructural		0.7.6	url 132	url 256	ContactingProcess 91	Matminer license (BSD style)				python			Ward, L., Dunn, A., Faghaninia, A., Zimmermann, N. E. R., Bajaj, S., Wang, Q., Montoya, J. H., Chen, J., Bystrom, K., Dylla, M., Chard, K., Asta, M., Persson, K., Snyder, G. J., Foster, I., Jain, A., Matminer: An open source toolkit for materials data mining. Comput. Mater. Sci. 152, 60-69 (2018).
https://purls.helmholtz-metadaten.de/msekg/174515923317235	https://nfdi.fiz-karlsruhe.de/ontology/NFDI_0001046	Matbench	Matbench is an ImageNet for materials science; a curated set of 13 supervised, pre-cleaned, ready-to-use ML tasks for benchmarking and fair comparison. The tasks span a wide domain of inorganic materials science applications including electronic, thermodynamic, mechanical, and thermal properties among crystals, 2D materials, disordered metals, and more.	Materials Design		0.6	url 133	url 257	ContactingProcess 92	MIT				python			Dunn, A., Wang, Q., Ganose, A., Dopp, D., Jain, A. Benchmarking Materials Property Prediction Methods: The Matbench Test Set and Automatminer Reference Algorithm. npj  Computational Materials 6, 138 (2020). https://doi.org/10.1038/s41524-020-00406-3
https://purls.helmholtz-metadaten.de/msekg/174515923317236	https://nfdi.fiz-karlsruhe.de/ontology/NFDI_0010041	mendeleev	A python package for accessing various properties of elements, ions and isotopes in the periodic table of elements.	Data Science		0.10.0		url 258	ContactingProcess 93	MIT		url 363		python			
https://purls.helmholtz-metadaten.de/msekg/174515923317237	https://nfdi.fiz-karlsruhe.de/ontology/NFDI_0000140	TEMMETA	TEMMETA is a library for transmission electron microscopy (TEM) (meta)data manipulation. The aim is to offer a one stop place for very basic to intermediate level operations on (S)TEM data, and be a kind of python version of ImageJ + Digital Micrograph + Velox.	Materials Thermodynamics		0.0.6		url 259	ContactingProcess 94	GNU General Public License v3				python			
https://purls.helmholtz-metadaten.de/msekg/174515923317238	https://nfdi.fiz-karlsruhe.de/ontology/NFDI_0010040	atomicrex	atomicrex is a versatile tool for the construction of advanced atomistic models. It is written in C++ and Python.  It was primarily developed to fit interatomic potential models. Thanks to its flexible generic structure its application range, however, is larger. In a general sense, it allows one to develop models that describe a given property as a function of an atomic (or atom-like) configuration. The property in question can be scalar or vectorial in nature, and could represent e.g., total energies and forces.	Materials Processing			url 134	url 260	ContactingProcess 95	GNU General Public License v3							A. Stukowski, E. Fransson, M. Mock, and P. Erhart, Atomicrex - a general purpose tool for the construction of atomic interaction models, Modelling Simul. Mater. Sci. Eng. 25, 055003 (2017), doi: 10.1088/1361-651X/aa6ecf
https://purls.helmholtz-metadaten.de/msekg/174515923317239	https://nfdi.fiz-karlsruhe.de/ontology/NFDI_0001044	High-Throughput Molecular Dynamics	HTMD is a programmable, extensible platform written in Python. It provides a complete workspace for simulation-based discovery through molecular simulations while aiming to solve the data generation and analysis problem as well as increase reproducibility.	Materials Mechanical Behavior		1.13.1		url 261	ContactingProcess 96	Vendor specific license. HTMD Software Not-for-Profit License Agreement v1.1				python			
https://purls.helmholtz-metadaten.de/msekg/174515923317240	https://nfdi.fiz-karlsruhe.de/ontology/NFDI_0000222	hiPhive	hiPhive is a tool for efficiently extracting high-order force constants from atomistic simulations, most commonly density functional theory calculations.	Data Driven Material Science		1.13.1	url 135	url 262	ContactingProcess 97	MIT				python			Fredrik Eriksson, Erik Fransson, and Paul Erhart The Hiphive Package for the Extraction of High‐Order Force Constants by Machine Learning Adv. Theory. Sim., 1800184 (2019) doi: 10.1002/adts.201800184
https://purls.helmholtz-metadaten.de/msekg/174515923317241	https://nfdi.fiz-karlsruhe.de/ontology/NFDI_0010039	WulffPack	WulffPack is a Python package for making Wulff constructions, typically for finding equilibrium shapes of nanoparticles. WulffPack constructs both continuum models and atomistic structures for further modeling with, e.g., molecular dynamics or density functional theory.	Materials Mechanical Behavior		1.2	url 136	url 263	ContactingProcess 98	Mozilla Public License Version 2.0				python			J. Magnus Rahm and Paul Erhart WulffPack: A Python package for Wulff constructions J. Open Source Softw. 5, 1944 (2020) doi: 10.21105/joss.01944
https://purls.helmholtz-metadaten.de/msekg/174515923317242	https://nfdi.fiz-karlsruhe.de/ontology/NFDI_0001048	dynasor	dynasor is a simple tool for calculating total and partial dynamical structure factors as well as current correlation functions from molecular dynamics (MD) simulations.	Theoretical Computer Science			url 137	url 264	ContactingProcess 99	MIT							Dynasor – A tool for extracting dynamical structure factors and current correlation functions from molecular dynamics simulations Erik Fransson, Mattias Slabanja, Paul Erhart, and Göran Wahnström Advanced Theory and Simulations 4, 2000240 (2021); DOI:10.1002/adts.202000240
https://purls.helmholtz-metadaten.de/msekg/174515923317243	https://nfdi.fiz-karlsruhe.de/ontology/NFDI_0001045	The Science Hub for Atomic-scale Research at Chalmers	Dielectric functions of metallic alloys calculated with time-dependent density functional theory.  Atoms under pressure - Electron configuration and electronegativity of the atoms under compression.  Wulff construction - The classic method for calculating equilibrium nanoparticle shapes in a modern setting. SQS – Generate special quasirandom atomic structures with a few clicks in your browser.	Data Science			url 138		ContactingProcess 100								
https://purls.helmholtz-metadaten.de/msekg/174515923317244	https://nfdi.fiz-karlsruhe.de/ontology/NFDI_0000218	Vcsgc-lammps	The vcsgc-lammps package is an extension for the popular molecular dynamics code LAMMPS, which enables efficient Monte Carlo simulations in the semi-grand-canonical (SGC) and variance constrained SGC ensembles.	Materials Mechanical Behavior			url 139	url 265	ContactingProcess 101								Scalable parallel Monte Carlo algorithm for atomistic simulations of precipitation in alloys
https://purls.helmholtz-metadaten.de/msekg/174515923317245	https://nfdi.fiz-karlsruhe.de/ontology/NFDI_0000222	kanapy	Kanapy is a python package for generating three-dimensional synthetic polycrystals based on characteristic microstructural features.	Materials Mechanical Behavior		2.0.0		url 266	ContactingProcess 102	GNU AFFERO GENERAL Public LICENSE Version 3							
https://purls.helmholtz-metadaten.de/msekg/174515923317246	https://nfdi.fiz-karlsruhe.de/ontology/NFDI_0001049	Python Laboratory for Finite Element Analysis	The pyLabFEA package introduces a simple version of FEA for solid mechanics and elastic-plastic materials, which is fully written in Python. Due to its simplicity, it is well-suited for teaching, and its flexibility in constitutive modeling of materials makes it a useful research tool.	Materials Surface Science				url 267	ContactingProcess 103	GPL 3		url 364					
https://purls.helmholtz-metadaten.de/msekg/174515923317247	https://nfdi.fiz-karlsruhe.de/ontology/NFDI_0010039	Pyrho	Pyrho is a real-space DFT code written in Python. It is not built to be super-fast or scalable- instead, it is built to be super-readable.  There's a tutorial notebook (tutorial.ipynb) to guide you through the process of building Pyrho from scratch (starting with the 1D Schroedinger equation). This notebook is based on interactive lectures given by Prof. Joerg Neugebauer.	Computational Materials Science				url 268	ContactingProcess 104	no license file							
https://purls.helmholtz-metadaten.de/msekg/174515923317248	https://nfdi.fiz-karlsruhe.de/ontology/NFDI_0001048	pacemaker	a tool for fitting of interatomic potentials in a general nonlinear Atomic Cluster Expansion (ACE) form.	Materials Characterization		0.2.7		url 269	ContactingProcess 105	Academic Software Licence (“ASL”)		url 365					Bochkarev, A., Lysogorskiy, Y., Menon, S., Qamar, M., Mrovec, M., & Drautz, R. (2022). Efficient parametrization of the atomic cluster expansion. Physical Review Materials, 6(1), 013804 Lysogorskiy, Y., Oord, C. V. D., Bochkarev, A., Menon, S., Rinaldi, M., Hammerschmidt, T., ... & Drautz, R. (2021). Performant implementation of the atomic cluster expansion (PACE) and application to copper and silicon. npj Computational Materials, 7(1), 1-12
https://purls.helmholtz-metadaten.de/msekg/174515923317249	https://nfdi.fiz-karlsruhe.de/ontology/NFDI_0010041	Aachen (Aix) Virtual Platform for Materials Processing	AixViPMaP is a platform on which different software tools in the field of material and process simulation can be coupled efficiently and effectively.	Materials Surface Science			url 140	url 270	ContactingProcess 106								AixViPMaP®—an Operational Platform for Microstructure Modeling Workflows
https://purls.helmholtz-metadaten.de/msekg/174515923317250	https://nfdi.fiz-karlsruhe.de/ontology/NFDI_0001044	MuPIF	MuPIF is open-source, modular, object-oriented integration platform allowing to create complex, distributed, multiphysics simulation workflows across the scales and processing chains by combining existing simulation tools.	Materials Processing		2.0.0	url 141	url 271	ContactingProcess 107	Lesser General Public License version 3.0							B. Patzák, D. Rypl, and J. Kruis. Mupif – a distributed multi-physics integration tool. Advances in Engineering Software, 60–61(0):89 – 97, 2013 (http://www.sciencedirect.com/science/article/pii/S0965997812001329).
https://purls.helmholtz-metadaten.de/msekg/174515923317251	https://nfdi.fiz-karlsruhe.de/ontology/NFDI_0000121	SimPhoNy	Simulation framework for multi-scale phenomena in micro- and nanosystems	Materials Design			url 142	url 272	ContactingProcess 108								
https://purls.helmholtz-metadaten.de/msekg/174515923317252	https://nfdi.fiz-karlsruhe.de/ontology/NFDI_0000222	MpCCI	The MpCCI interface software is a vendor nEuropetral solution for co-simulation and file-based data transfer. MpCCI supports a growing number of commercial as well as research simulation tools in different engineering disciplines.	Materials Thermodynamics			url 143		ContactingProcess 109	MpCCI License Agreement							
https://purls.helmholtz-metadaten.de/msekg/174515923317253	https://nfdi.fiz-karlsruhe.de/ontology/NFDI_0000218	Virtual materials Marketplace	VIMMP Marketplace facilitates and promotes the exchange between all materials modelling stakeholders for the benefit of increased innovation in the Europeropean manufacturing industry.	Materials Mechanical Behavior			url 144		ContactingProcess 110								
https://purls.helmholtz-metadaten.de/msekg/174515923317254	https://nfdi.fiz-karlsruhe.de/ontology/NFDI_0000218	Open Model	OpenModel aims to design, create, provide, and maintain a sustainable integrated open platform for innovation which delivers predictable, validated, and traceable simulation workflows integrating seamlessly third-party physics-based models, solvers, post-processors and Database Softwares.	Materials Mechanical Behavior			url 145		ContactingProcess 111								
https://purls.helmholtz-metadaten.de/msekg/174515923317255	https://nfdi.fiz-karlsruhe.de/ontology/NFDI_0010039	Cluster GB	ClusterGB is a set of Python scripts designed to facilitate easy calculations of planar grain boundaries (GBs) using LAMMPS. In order to accommodate even low-symmetry boundaries, ClusterGB uses vacuum clusters to eliminate the need for periodic boundary conditions.	MaterialsDeformation Processes				url 273	ContactingProcess 112	MIT	Unix						Huber, Hadian, Grabowski, and Neugebauer, npj Computational Materials 4 (2018), 1-8
https://purls.helmholtz-metadaten.de/msekg/174515923317256	https://nfdi.fiz-karlsruhe.de/ontology/NFDI_0010041	DIST toolkit	Generate atomic structures for common defects in materials	Materials Microstructural		1		url 274	ContactingProcess 113	no license file							Zongrui Pei, DIST: A dislocation-simulation toolkit, Computer Physics Communications 233(2018)44-50.
https://purls.helmholtz-metadaten.de/msekg/174515923317257	https://nfdi.fiz-karlsruhe.de/ontology/NFDI_0000140	GB_code	This python package helps you create orthogonal grain boundary supercells for atomistic calculations. The code is based on the coincident site lattice (CSL) formulations for cubic materials (sc, bcc, fcc, diamond). The code produces a final structure to be read in LAMMPS or VASP.	Software Engineering		1.0.2		url 275	ContactingProcess 114	MIT							Hadian et al., (2018). GB code: A grain boundary generation code. Journal of Open Source Software, 3(29), 900, https://doi.org/10.21105/joss.00900
https://purls.helmholtz-metadaten.de/msekg/174515923317258	https://nfdi.fiz-karlsruhe.de/ontology/NFDI_0001048	paraprobe-toolbox	Strong-scaling distributed- and shared-memory CPU-parallelized tools for mining atom probe tomography data and GPU-parallelized tools for atom probe crystallography.	MaterialsDeformation Processes				url 276	ContactingProcess 115	GNU General Public License v3		url 366					Markus Kühbach, Priyanshu Bajaj, Andrew Breen, Eric A. Jägle, and Baptiste Gault On Strong Scaling Open Source Tools for Mining Atom Probe Tomography Data Microscopy and Microanalysis, Vol 25, Supplement S2, 2019
https://purls.helmholtz-metadaten.de/msekg/174515923317259	https://nfdi.fiz-karlsruhe.de/ontology/NFDI_0000140	pySTEM	Automatic segmentation of Scanning Transmission Electron Microscope (STEM) images with unsupervised machine learning	MaterialsDeformation Processes				url 277	ContactingProcess 116	GNU General Public License v3							Wang, N., Freysoldt, C., Zhang, S., Liebscher, C., & Neugebauer, J. (2021). Segmentation of Static and Dynamic Atomic-Resolution Microscopy Data Sets with Unsupervised Machine Learning Using Local Symmetry Descriptors. Microscopy and Microanalysis, 27(6), 1454-1464. doi:10.1017/S1431927621012770
https://purls.helmholtz-metadaten.de/msekg/174515923317260	https://nfdi.fiz-karlsruhe.de/ontology/NFDI_0010039	Stabix	A Matlab toolbox to analyze slip transfer through grain boundaries	Materials Surface Science		2		url 278	ContactingProcess 117	GNU AFFERO GENERAL Public LICENSE Version 3		url 367					STABiX Toolbox documentation
https://purls.helmholtz-metadaten.de/msekg/174515923317261	https://nfdi.fiz-karlsruhe.de/ontology/NFDI_0001048	Voro++	Voro++ is a open source software library for the computation of the Voronoi diagram, a widely-used tessellation that has applications in many scientific fields.	Materials Characterization		0.4.6	url 146		ContactingProcess 118	BSD	Linux,Mac OS X,Windows	url 368					Chris H. Rycroft, Voro++: A three-dimensional Voronoi cell library in C++, Chaos 19, 041111 (2009).
https://purls.helmholtz-metadaten.de/msekg/174515923317262	https://nfdi.fiz-karlsruhe.de/ontology/NFDI_0000121	Qhull	Qhull computes the convex hull, Delaunay triangulation, Voronoi diagram, halfspace intersection about a point, furthest-site Delaunay triangulation, and furthest-site Voronoi diagram. The source code runs in 2-d, 3-d, 4-d, and higher dimensions.	Software Engineering		2020.2	url 147		ContactingProcess 119	Qhull license	Linux,Mac OS X,Windows	url 369					Barber, C.B., Dobkin, D.P., and Huhdanpaa, H.T., "The Quickhull algorithm for convex hulls," ACM Transactions on Mathematical Software, 22(4):469-483, Dec 1996 [abstract].
https://purls.helmholtz-metadaten.de/msekg/174515923317263	https://nfdi.fiz-karlsruhe.de/ontology/NFDI_0001046	Pasta ELN	This ELN combines raw-data with rich metadata to allow advanced data science. In the Database Software, one can fully adapt and improvise the metadata definitions to generate something novel. PASTA uses a local-first approach: store all data and metadata locally (always accessible to user) and synchronize with a server upon user request.	Theoretical Computer Science		1.2.2	url 148	url 279	ContactingProcess 120	MIT	Linux,Mac OS X,Windows						
https://purls.helmholtz-metadaten.de/msekg/174515923317264	https://nfdi.fiz-karlsruhe.de/ontology/NFDI_0010040	eLabFTW	eLabFTW is an electronic lab notebook manager for research teams. It lets you store and organize your research experiments easily. It also features a Database Software where any kind of objects (such as antibodies, plasmids, cell lines, boxes, etc.) can be stored. It is accessed via the browser	Computational Materials Science		4.3.9	url 149	url 280	ContactingProcess 121	GNU AFFERO GENERAL Public LICENSE Version 3	Linux,Mac OS X,Windows	url 370					
https://purls.helmholtz-metadaten.de/msekg/174515923317265	https://nfdi.fiz-karlsruhe.de/ontology/NFDI_0001045	Karlsruhe Data Infrastructure for Materials Science	The focus on the repository component is on warm data, i.e. unpublished data that is yet to be analysed further, while in the ELN component it is on the automated and documented execution of heterogeneous workflows. The components are therefore best described as community repository and ELN 2.0 respectively. In this way, a virtual research environment is created that facilitates collaboration between researchers.	Artificial Intelligence		0.26.0	url 150	url 281	ContactingProcess 122	Apache		url 371					Brandt, N., Griem, L., Herrmann, C., Schoof, E., Tosato, G., Zhao, Y., Zschumme, P. and Selzer, M., 2021. Kadi4Mat: A Research Data Infrastructure for Materials Science. Data Science Journal, 20(1), p.8. DOI: http://doi.org/10.5334/dsj-2021-008
https://purls.helmholtz-metadaten.de/msekg/174515923317266	https://nfdi.fiz-karlsruhe.de/ontology/NFDI_0000222	Metador	File uplad service with resumable uploads and rich metadata requirements	Materials Mechanical Behavior				url 282	ContactingProcess 123	MIT		url 372					
https://purls.helmholtz-metadaten.de/msekg/174515923317267	https://nfdi.fiz-karlsruhe.de/ontology/NFDI_0000140	Atomsk		Materials Surface Science			url 151		ContactingProcess 124								
https://purls.helmholtz-metadaten.de/msekg/174515923317268	https://nfdi.fiz-karlsruhe.de/ontology/NFDI_0010039	Atomman		Software Engineering			url 152		ContactingProcess 125								
https://purls.helmholtz-metadaten.de/msekg/174515923317269	https://nfdi.fiz-karlsruhe.de/ontology/NFDI_0000121	iprPy High Throughput Computational Framework		Software Engineering			url 153		ContactingProcess 126								
https://purls.helmholtz-metadaten.de/msekg/174515923317270	https://nfdi.fiz-karlsruhe.de/ontology/NFDI_0000218	Kim API		Data Science			url 154		ContactingProcess 127								R. S. Elliott and E. B. Tadmor, "Knowledgebase of Interatomic Models (KIM) Application Programming Interface (API)", OpenKIM (2011). doi:10.25950/ff8f563a
https://purls.helmholtz-metadaten.de/msekg/174515923317271	https://nfdi.fiz-karlsruhe.de/ontology/NFDI_0010040	atomate		Materials Surface Science			url 155		ContactingProcess 128				Fireworks	python			
https://purls.helmholtz-metadaten.de/msekg/174515923317272	https://nfdi.fiz-karlsruhe.de/ontology/NFDI_0001048	FireWorks		Cybersecurity			url 156		ContactingProcess 129								
https://purls.helmholtz-metadaten.de/msekg/174515923317273	https://nfdi.fiz-karlsruhe.de/ontology/NFDI_0001049	custodian		Materials Microstructural			url 157		ContactingProcess 130								
https://purls.helmholtz-metadaten.de/msekg/174515923317274	https://nfdi.fiz-karlsruhe.de/ontology/NFDI_0001049	EMMOntoPy	Python API for the Elemental Multiperspective Material Ontology (EMMO).	Data Driven Material Science			url 158	url 283	ContactingProcess 131								
https://purls.helmholtz-metadaten.de/msekg/174515923317275	https://nfdi.fiz-karlsruhe.de/ontology/NFDI_0001044	yambo		Cybersecurity			url 159		ContactingProcess 132								
https://purls.helmholtz-metadaten.de/msekg/174515923317276	https://nfdi.fiz-karlsruhe.de/ontology/NFDI_0001046	wannier90		Materials Surface Science			url 160		ContactingProcess 133								
https://purls.helmholtz-metadaten.de/msekg/174515923317277	https://nfdi.fiz-karlsruhe.de/ontology/NFDI_0001049	The High-Throughput Toolkit (httk)		Materials Surface Science					ContactingProcess 134			url 373	Open Materials Database Software				
https://purls.helmholtz-metadaten.de/msekg/174515923317278	https://nfdi.fiz-karlsruhe.de/ontology/NFDI_0010041	SIRIUS		Cybersecurity				url 284	ContactingProcess 135								
https://purls.helmholtz-metadaten.de/msekg/174515923317279	https://nfdi.fiz-karlsruhe.de/ontology/NFDI_0001045	colabfit-tools		Cybersecurity			url 161		ContactingProcess 136			url 374					
https://purls.helmholtz-metadaten.de/msekg/174515923317280	https://nfdi.fiz-karlsruhe.de/ontology/NFDI_0001045	Coscine		MaterialsDeformation Processes			url 162		ContactingProcess 137								
https://purls.helmholtz-metadaten.de/msekg/174515923317281	https://nfdi.fiz-karlsruhe.de/ontology/NFDI_0000140	kadi-apy		Materials Characterization				url 281	ContactingProcess 138								
https://purls.helmholtz-metadaten.de/msekg/174515923317282	https://nfdi.fiz-karlsruhe.de/ontology/NFDI_0000218	qmpy		Computational Materials Science				url 285	ContactingProcess 139			url 375	oqmd				
https://purls.helmholtz-metadaten.de/msekg/174515923317283	https://nfdi.fiz-karlsruhe.de/ontology/NFDI_0010040	Materials Project collabration API		MaterialsDeformation Processes					ContactingProcess 140			url 376					
https://purls.helmholtz-metadaten.de/msekg/174515923317284	https://nfdi.fiz-karlsruhe.de/ontology/NFDI_0000218	PyTorch		Software Engineering			url 163		ContactingProcess 141								
https://purls.helmholtz-metadaten.de/msekg/174515923317285	https://nfdi.fiz-karlsruhe.de/ontology/NFDI_0001046	scikit-learn		Materials Surface Science			url 164		ContactingProcess 142								
https://purls.helmholtz-metadaten.de/msekg/174515923317286	https://nfdi.fiz-karlsruhe.de/ontology/NFDI_0000222	TensorFlow		Data Driven Material Science			url 165		ContactingProcess 143								
https://purls.helmholtz-metadaten.de/msekg/174515923317287	https://nfdi.fiz-karlsruhe.de/ontology/NFDI_0001045	OpenBIS	The openBIS platform has three primary functionalities: 1. Inventory management of laboratory samples, materials, protocols, equipment. 2. Laboratory notebook, to document lab experiments. 3. Data management, to store all data related to lab experiments (raw, processed, analysed data, scripts, Jupyter notebooks, etc.).	Materials Design			url 166		ContactingProcess 144								
https://purls.helmholtz-metadaten.de/msekg/174515923317288	https://nfdi.fiz-karlsruhe.de/ontology/NFDI_0001044	Atomic Simulation Recipes	Recipes for Atomic Scale Materials Research. Collection of python recipes for common (and not so common) tasks perfomed in atomic scale materials research. These tasks include relaxation of structures, calculating ground states, calculating band structures, calculating dielectric functions and so on.	Materials Mechanical Behavior				url 286	ContactingProcess 145				ASE	python			
https://purls.helmholtz-metadaten.de/msekg/174515923317289	https://nfdi.fiz-karlsruhe.de/ontology/NFDI_0000140	TURBOMOLE	Program Package for Electronic Structure Calculations	MaterialsDeformation Processes	Density functional theory, Coupled-Cluster	7.6	url 167		ContactingProcess 146		Linux,Windows,Mac OS X	url 377					TURBOMOLE: Modular program suite for ab initio quantum-chemical and condensed-matter simulations
https://purls.helmholtz-metadaten.de/msekg/174515923317290	https://nfdi.fiz-karlsruhe.de/ontology/NFDI_0001044	DREAM.3D		Materials Design			url 168		ContactingProcess 147								
https://purls.helmholtz-metadaten.de/msekg/174515923317291	https://nfdi.fiz-karlsruhe.de/ontology/NFDI_0010040	MTEX		Materials Thermodynamics			url 169		ContactingProcess 148								
https://purls.helmholtz-metadaten.de/msekg/174515923317292	https://nfdi.fiz-karlsruhe.de/ontology/NFDI_0000140	Gmsh		Cybersecurity			url 170		ContactingProcess 149								
https://purls.helmholtz-metadaten.de/msekg/174515923317293	https://nfdi.fiz-karlsruhe.de/ontology/NFDI_0010039	Neper		Materials Surface Science			url 171		ContactingProcess 150								
https://purls.helmholtz-metadaten.de/msekg/174515923317294	https://nfdi.fiz-karlsruhe.de/ontology/NFDI_0001044	PETSc		Materials Surface Science			url 172		ContactingProcess 151								
https://purls.helmholtz-metadaten.de/msekg/174515923317295	https://nfdi.fiz-karlsruhe.de/ontology/NFDI_0000218	deal.II		Data Driven Material Science			url 173		ContactingProcess 152								
https://purls.helmholtz-metadaten.de/msekg/174515923317296	https://nfdi.fiz-karlsruhe.de/ontology/NFDI_0000140	DUNE-FEM		Materials Characterization				url 287	ContactingProcess 153								
https://purls.helmholtz-metadaten.de/msekg/174515923317297	https://nfdi.fiz-karlsruhe.de/ontology/NFDI_0001045	Firedrake		Materials Microstructural			url 174		ContactingProcess 154								
https://purls.helmholtz-metadaten.de/msekg/174515923317298	https://nfdi.fiz-karlsruhe.de/ontology/NFDI_0010041	FreeFEM		Materials Processing			url 175		ContactingProcess 155								
https://purls.helmholtz-metadaten.de/msekg/174515923317299	https://nfdi.fiz-karlsruhe.de/ontology/NFDI_0001045	hIPPYlib		Software Engineering			url 176		ContactingProcess 156								
https://purls.helmholtz-metadaten.de/msekg/1745159233172100	https://nfdi.fiz-karlsruhe.de/ontology/NFDI_0001046	MoFEM		Materials Thermodynamics			url 177		ContactingProcess 157								
https://purls.helmholtz-metadaten.de/msekg/1745159233172101	https://nfdi.fiz-karlsruhe.de/ontology/NFDI_0000121	OOFEM		Materials Mechanical Behavior			url 178		ContactingProcess 158								
https://purls.helmholtz-metadaten.de/msekg/1745159233172102	https://nfdi.fiz-karlsruhe.de/ontology/NFDI_0000218	preCICE		Artificial Intelligence			url 179		ContactingProcess 159								
https://purls.helmholtz-metadaten.de/msekg/1745159233172103	https://nfdi.fiz-karlsruhe.de/ontology/NFDI_0001045	Clawpack		Software Engineering			url 180		ContactingProcess 160								
https://purls.helmholtz-metadaten.de/msekg/1745159233172104	https://nfdi.fiz-karlsruhe.de/ontology/NFDI_0001048	aviary		Materials Surface Science				url 288	ContactingProcess 161								
https://purls.helmholtz-metadaten.de/msekg/1745159233172105	https://nfdi.fiz-karlsruhe.de/ontology/NFDI_0000140	BIOVIA Materials Studio		Materials Characterization			url 181		ContactingProcess 162								
https://purls.helmholtz-metadaten.de/msekg/1745159233172106	https://nfdi.fiz-karlsruhe.de/ontology/NFDI_0001044	Computational Autonomy for Materials Discovery		Materials Thermodynamics				url 289	ContactingProcess 163								
https://purls.helmholtz-metadaten.de/msekg/1745159233172107	https://nfdi.fiz-karlsruhe.de/ontology/NFDI_0000140	Compositionally-Restricted Attention-Based Network		Materials Thermodynamics				url 290	ContactingProcess 164								
https://purls.helmholtz-metadaten.de/msekg/1745159233172108	https://nfdi.fiz-karlsruhe.de/ontology/NFDI_0000140	cclib		Materials Processing			url 182		ContactingProcess 165								
https://purls.helmholtz-metadaten.de/msekg/1745159233172109	https://nfdi.fiz-karlsruhe.de/ontology/NFDI_0000140	cctbx		Materials Mechanical Behavior			url 183		ContactingProcess 166								
https://purls.helmholtz-metadaten.de/msekg/1745159233172110	https://nfdi.fiz-karlsruhe.de/ontology/NFDI_0010041	Datamol		Materials Surface Science				url 291	ContactingProcess 167								
https://purls.helmholtz-metadaten.de/msekg/1745159233172111	https://nfdi.fiz-karlsruhe.de/ontology/NFDI_0001048	matador		Materials Microstructural				url 292	ContactingProcess 168								
https://purls.helmholtz-metadaten.de/msekg/1745159233172112	https://nfdi.fiz-karlsruhe.de/ontology/NFDI_0001048	mat_discover		Materials Processing			url 184		ContactingProcess 169								
https://purls.helmholtz-metadaten.de/msekg/1745159233172113	https://nfdi.fiz-karlsruhe.de/ontology/NFDI_0001044	NIST Materials Data Curation Service System		Software Engineering			url 185		ContactingProcess 170								
https://purls.helmholtz-metadaten.de/msekg/1745159233172114	https://nfdi.fiz-karlsruhe.de/ontology/NFDI_0001046	MedeA		Materials Characterization			url 186		ContactingProcess 171								
https://purls.helmholtz-metadaten.de/msekg/1745159233172115	https://nfdi.fiz-karlsruhe.de/ontology/NFDI_0001045	Material Optimal Descriptor Network		Software Engineering				url 293	ContactingProcess 172								
https://purls.helmholtz-metadaten.de/msekg/1745159233172116	https://nfdi.fiz-karlsruhe.de/ontology/NFDI_0010041	Organizing Assistant for Comprehensive and Interactive Simulations		Software Engineering			url 187		ContactingProcess 173								
https://purls.helmholtz-metadaten.de/msekg/1745159233172117	https://nfdi.fiz-karlsruhe.de/ontology/NFDI_0010041	OPTIMADE python tools		Materials Microstructural				url 294	ContactingProcess 174								
https://purls.helmholtz-metadaten.de/msekg/1745159233172118	https://nfdi.fiz-karlsruhe.de/ontology/NFDI_0000218	piro		Materials Thermodynamics				url 295	ContactingProcess 175								
https://purls.helmholtz-metadaten.de/msekg/1745159233172119	https://nfdi.fiz-karlsruhe.de/ontology/NFDI_0010040	Pymatflow		Computational Materials Science				url 296	ContactingProcess 176								
https://purls.helmholtz-metadaten.de/msekg/1745159233172120	https://nfdi.fiz-karlsruhe.de/ontology/NFDI_0010040	PyMKS		Materials Processing				url 297	ContactingProcess 177								
https://purls.helmholtz-metadaten.de/msekg/1745159233172121	https://nfdi.fiz-karlsruhe.de/ontology/NFDI_0001049	QMFlows		Theoretical Computer Science				url 298	ContactingProcess 178								
https://purls.helmholtz-metadaten.de/msekg/1745159233172122	https://nfdi.fiz-karlsruhe.de/ontology/NFDI_0000121	RDKit		Materials Microstructural				url 299	ContactingProcess 179								
https://purls.helmholtz-metadaten.de/msekg/1745159233172123	https://nfdi.fiz-karlsruhe.de/ontology/NFDI_0010039	Simulation Environment for Atomistic and Molecular Modeling		Theoretical Computer Science			url 188		ContactingProcess 180								
https://purls.helmholtz-metadaten.de/msekg/1745159233172124	https://nfdi.fiz-karlsruhe.de/ontology/NFDI_0001046	Tilde		Materials Design				url 300	ContactingProcess 181								
https://purls.helmholtz-metadaten.de/msekg/1745159233172125	https://nfdi.fiz-karlsruhe.de/ontology/NFDI_0001045	MatD3		MaterialsDeformation Processes			url 189		ContactingProcess 182				HybridD3				
https://purls.helmholtz-metadaten.de/msekg/1745159233172126	https://nfdi.fiz-karlsruhe.de/ontology/NFDI_0010040	ro-crate-py	ro-crate-py is a Python library to create and consume Research Object Crates. It currently supports the RO-Crate 1.1 specification.	MaterialsDeformation Processes		0.7.0		url 301	ContactingProcess 183	Apache-2.0 license			RO-Crate 1.1 specification	python			De Geest, P., Droesbeke, B., Eguinoa, I., Gaignard, A., Huber, S., Leo, S., Pireddu, L., Rodríguez-Navas, L., Sirvent, R., & Soiland-Reyes, S. (2022). ro-crate-py (Version 0.7.0) [Computer software]. https://doi.org/10.5281/zenodo.3956493
https://purls.helmholtz-metadaten.de/msekg/1745159233172127	https://nfdi.fiz-karlsruhe.de/ontology/NFDI_0001044	Simmate	The Simulated Materials Ecosystem (Simmate) is a toolbox and framework for computational materials research. It lets you explore various crystal Database Softwares, predict new materials, and quickly calculate properties.	Artificial Intelligence			url 190	url 302	ContactingProcess 184			url 378					
https://purls.helmholtz-metadaten.de/msekg/1745159233172128	https://nfdi.fiz-karlsruhe.de/ontology/NFDI_0010039	Materials Data Curation Service System	The NIST Materials Data Curation Service System (MDCS) provides a means for capturing, sharing, and transforming materials data into a structured format that is XML based amenable to transformation to other formats. The data are organized using user-selected templates encoded in XML Schema. These templates are used to create data entry forms. The documents are saved in a non-relational (NoSQL) Database Software, namely MongoDB. The data can be searched and retrieved by a template-driven web-based form or by a RESTful API call. The system also enables the interconnection of MDCS repositories for federated searches.	Data Driven Material Science				url 185	ContactingProcess 185								
https://purls.helmholtz-metadaten.de/msekg/1745159233172129	https://nfdi.fiz-karlsruhe.de/ontology/NFDI_0000222	MAterials Simulation Toolkit (MAST)		Artificial Intelligence			url 191		ContactingProcess 186								
https://purls.helmholtz-metadaten.de/msekg/1745159233172130	https://nfdi.fiz-karlsruhe.de/ontology/NFDI_0010039	DiffPy	A free and open source software Project collabration to provide python software for diffraction analysis and the study of the atomic structure of materials.	Materials Design			url 192		ContactingProcess 187								
https://purls.helmholtz-metadaten.de/msekg/1745159233172131	https://nfdi.fiz-karlsruhe.de/ontology/NFDI_0000218	pyDOE		Materials Mechanical Behavior			url 193		ContactingProcess 188								
https://purls.helmholtz-metadaten.de/msekg/1745159233172132	https://nfdi.fiz-karlsruhe.de/ontology/NFDI_0010039	NeXpy		Cybersecurity				url 304	ContactingProcess 189								
https://purls.helmholtz-metadaten.de/msekg/1745159233172133	https://nfdi.fiz-karlsruhe.de/ontology/NFDI_0000121	TomoPy		Theoretical Computer Science				url 305	ContactingProcess 190								
https://purls.helmholtz-metadaten.de/msekg/1745159233172134	https://nfdi.fiz-karlsruhe.de/ontology/NFDI_0001045	MetaStore2	General purpose metadata repository and schema registry service.	Computational Materials Science				url 306	ContactingProcess 191								
https://purls.helmholtz-metadaten.de/msekg/1745159233172135	https://nfdi.fiz-karlsruhe.de/ontology/NFDI_0010039	FAIR-DOscope	FAIR-DOscope is an easy-to-use, generic FAIR Digital Object viewer and browser accepting PIDs of FAIR DOs and presenting the associated PID record in a graphical and user-friendly way. It offers a tabular view of the contents of a PID record and a graphical representation of related FAIR DOs.	Materials Processing				url 307	ContactingProcess 192	Apache License, Version 2.0		url 379		javascript,C			
https://purls.helmholtz-metadaten.de/msekg/1745159233172136	https://nfdi.fiz-karlsruhe.de/ontology/NFDI_0000218	Randspg		MaterialsDeformation Processes					ContactingProcess 193								
https://purls.helmholtz-metadaten.de/msekg/1745159233172137	https://nfdi.fiz-karlsruhe.de/ontology/NFDI_0001048	Ontopanel	Ontopanel is a plugin in diagrams.net that helps domain experts to build ontologies and method graph in a simpler way.	Data Driven Material Science				url 308	ContactingProcess 194								
https://purls.helmholtz-metadaten.de/msekg/1745159233172138	https://nfdi.fiz-karlsruhe.de/ontology/NFDI_0000140	BEXIS2		Computational Materials Science				url 309	ContactingProcess 195								
https://purls.helmholtz-metadaten.de/msekg/1745159233172139	https://nfdi.fiz-karlsruhe.de/ontology/NFDI_0000218	KIT Data Manager		Artificial Intelligence				url 310	ContactingProcess 196								
https://purls.helmholtz-metadaten.de/msekg/1745159233172140	https://nfdi.fiz-karlsruhe.de/ontology/NFDI_0010040	CompositionSpace	CompositionSpace is a python library for analysis of APT data.	MaterialsDeformation Processes	Atom Probe Tomography			url 311	ContactingProcess 197	BSD-3-Clause license	Linux	url 380		python		Max Planck Institute for Iron Research	
https://purls.helmholtz-metadaten.de/msekg/1745159233172141	https://nfdi.fiz-karlsruhe.de/ontology/NFDI_0001049	pyscal_rdf	pyscal_rdf is a python tool for ontology-based creation, manipulation, and quering of structures. pyscal_rdf uses the Computational Material Sample Ontology (CMSO).	Artificial Intelligence	atomistic simulations	0.0.4		url 312	ContactingProcess 198	MIT	Linux,Mac OS X,Windows	url 381	Computational Material Sample Ontology	python		Max Planck Institute for Iron Research	
https://purls.helmholtz-metadaten.de/msekg/1745159233172142	https://nfdi.fiz-karlsruhe.de/ontology/NFDI_0001044	Imprint Physical Size Estimation of Aluminum Elastic Modulus Images	Workflow to measure the physical size of imprints in aluminum elastic modulus images	Materials Processing	Image processing			url 313	ContactingProcess 199	BSD 3-Clause License	Linux,Mac OS X,Windows		Aluminum Elastic Modulus	python3.9	NFDI-MatWerk project	German Research Center for Artificial Intelligence	
https://purls.helmholtz-metadaten.de/msekg/1745159233172143	https://nfdi.fiz-karlsruhe.de/ontology/NFDI_0010040	Elastic Constant Demo	Workflow to calculate elastic constants of Al alloy	Materials Microstructural	Modified Embedded Atom Method			url 314	ContactingProcess 200	BSD 3-Clause License	Linux,Mac OS X,Windows		Elastic Constant Demo Data	python	NFDI-MatWerk project	Max Planck Institute for Iron Research	
https://purls.helmholtz-metadaten.de/msekg/1745159233172144	https://nfdi.fiz-karlsruhe.de/ontology/NFDI_0000140	APT analysis using CompositionSpace and pyiron	Workflow to analyse APT data using CompositionSpace jobs implemented in pyiron	Materials Surface Science	Atom Probe Tomography			url 315	ContactingProcess 201	GPL 3 License	Linux,Unix,Mac OS X		url 382	python3.9	NFDI-MatWerk project		
https://purls.helmholtz-metadaten.de/msekg/1745159233172145	https://nfdi.fiz-karlsruhe.de/ontology/NFDI_0000140	APT analysis using Paraprobe-toolbox and pyiron	Workflow to analyse APT data using Paraprobe-toolbox jobs implemented in pyiron	Software Engineering	Atom Probe Tomography			url 315	ContactingProcess 202	GPL 3 License	Linux,Unix,Mac OS X		url 382	python3.9	NFDI-MatWerk project,FAIRmat project		